tmi9,tmi1.xml,false,137
tmi9,tadSyncid1id2.xml,false,52
tmi9,tadSyncid4id1.xml,false,52
tmi9,ccn2.xml,false,42
tmi9,tadSyncid3id4.xml,false,42
tmi9,tadSyncid2id4.xml,false,43
tmi9,smiTemplateid4.xml,false,31
tmi9,tadSyncid0id0.xml,false,33
tmi9,tadSyncid3id0.xml,false,30
tmi9,tmi4.xml,false,43
tmi9,tadSyncid0id3.xml,false,37
tmi9,tadSyncid0id4.xml,false,36
tmi9,tadSyncid3id2.xml,false,31
tmi9,tadSyncid5id0.xml,false,29
tmi9,tadSyncid3id1.xml,false,32
tmi9,tadSyncid1id4.xml,false,31
tmi9,tadSyncid2id3.xml,false,30
tmi9,tadSyncid5id3.xml,false,31
tmi9,tmi13.xml,false,29
tmi9,tadSyncid5id1.xml,false,33
tmi9,tmi6.xml,false,32
tmi9,tadSyncid5id5.xml,false,28
tmi9,ccn1.xml,false,28
tmi9,tadSyncid2id1.xml,false,33
tmi9,tadSyncid4id4.xml,false,31
tmi9,tmi2.xml,false,29
tmi9,tadSyncid1id0.xml,false,28
tmi9,tadSyncid0id2.xml,false,28
tmi9,tadSyncid4id3.xml,false,32
tmi9,tadSyncid1id5.xml,false,30
tmi9,tadSyncid2id0.xml,false,27
tmi9,tmi12.xml,false,33
tmi9,smiTemplateid1.xml,false,27
tmi9,tmi10.xml,false,34
tmi9,tadSyncid3id3.xml,false,26
tmi9,tadSyncid0id5.xml,false,26
tmi9,tadSyncid5id2.xml,false,27
tmi9,tmi11.xml,false,34
tmi1,tadSyncid1id2.xml,false,42
tmi1,tadSyncid4id1.xml,false,38
tmi1,ccn2.xml,false,32
tmi1,tadSyncid3id4.xml,false,33
tmi1,tadSyncid2id4.xml,false,44
tmi1,smiTemplateid4.xml,false,32
tmi1,tadSyncid0id0.xml,false,36
tmi1,tadSyncid3id0.xml,false,44
tmi1,tmi4.xml,false,29
tmi1,tadSyncid0id3.xml,false,40
tmi1,tadSyncid0id4.xml,false,35
tmi1,tadSyncid3id2.xml,false,32
tmi1,tadSyncid5id0.xml,false,37
tmi1,tadSyncid3id1.xml,false,36
tmi1,tadSyncid1id4.xml,false,36
tmi1,tadSyncid2id3.xml,false,33
tmi1,tadSyncid5id3.xml,false,29
tmi1,tmi13.xml,false,31
tmi1,tadSyncid5id1.xml,false,34
tmi1,tmi6.xml,false,28
tmi1,tadSyncid5id5.xml,false,30
tmi1,ccn1.xml,false,34
tmi1,tadSyncid2id1.xml,false,29
tmi1,tadSyncid4id4.xml,false,33
tmi1,tmi2.xml,false,28
tmi1,tadSyncid1id0.xml,false,29
tmi1,tadSyncid0id2.xml,false,31
tmi1,tadSyncid4id3.xml,false,35
tmi1,tadSyncid1id5.xml,false,35
tmi1,tadSyncid2id0.xml,false,31
tmi1,tmi12.xml,false,29
tmi1,smiTemplateid1.xml,false,35
tmi1,tmi10.xml,false,27
tmi1,tadSyncid3id3.xml,false,31
tmi1,tadSyncid0id5.xml,false,29
tmi1,tadSyncid5id2.xml,false,37
tmi1,tmi11.xml,false,38
tadSyncid1id2,tadSyncid4id1.xml,false,34
tadSyncid1id2,ccn2.xml,false,29
tadSyncid1id2,tadSyncid3id4.xml,false,31
tadSyncid1id2,tadSyncid2id4.xml,false,30
tadSyncid1id2,smiTemplateid4.xml,false,31
tadSyncid1id2,tadSyncid0id0.xml,false,33
tadSyncid1id2,tadSyncid3id0.xml,false,35
tadSyncid1id2,tmi4.xml,false,27
tadSyncid1id2,tadSyncid0id3.xml,false,28
tadSyncid1id2,tadSyncid0id4.xml,false,29
tadSyncid1id2,tadSyncid3id2.xml,false,30
tadSyncid1id2,tadSyncid5id0.xml,false,31
tadSyncid1id2,tadSyncid3id1.xml,false,27
tadSyncid1id2,tadSyncid1id4.xml,false,27
tadSyncid1id2,tadSyncid2id3.xml,false,29
tadSyncid1id2,tadSyncid5id3.xml,false,26
tadSyncid1id2,tmi13.xml,false,32
tadSyncid1id2,tadSyncid5id1.xml,false,34
tadSyncid1id2,tmi6.xml,false,26
tadSyncid1id2,tadSyncid5id5.xml,false,29
tadSyncid1id2,ccn1.xml,false,28
tadSyncid1id2,tadSyncid2id1.xml,false,35
tadSyncid1id2,tadSyncid4id4.xml,false,28
tadSyncid1id2,tmi2.xml,false,33
tadSyncid1id2,tadSyncid1id0.xml,false,30
tadSyncid1id2,tadSyncid0id2.xml,false,31
tadSyncid1id2,tadSyncid4id3.xml,false,27
tadSyncid1id2,tadSyncid1id5.xml,false,34
tadSyncid1id2,tadSyncid2id0.xml,false,32
tadSyncid1id2,tmi12.xml,false,36
tadSyncid1id2,smiTemplateid1.xml,false,30
tadSyncid1id2,tmi10.xml,false,29
tadSyncid1id2,tadSyncid3id3.xml,false,25
tadSyncid1id2,tadSyncid0id5.xml,false,28
tadSyncid1id2,tadSyncid5id2.xml,false,28
tadSyncid1id2,tmi11.xml,false,40
tadSyncid4id1,ccn2.xml,false,30
tadSyncid4id1,tadSyncid3id4.xml,false,35
tadSyncid4id1,tadSyncid2id4.xml,false,28
tadSyncid4id1,smiTemplateid4.xml,false,30
tadSyncid4id1,tadSyncid0id0.xml,false,31
tadSyncid4id1,tadSyncid3id0.xml,false,33
tadSyncid4id1,tmi4.xml,false,25
tadSyncid4id1,tadSyncid0id3.xml,false,28
tadSyncid4id1,tadSyncid0id4.xml,false,29
tadSyncid4id1,tadSyncid3id2.xml,false,29
tadSyncid4id1,tadSyncid5id0.xml,false,27
tadSyncid4id1,tadSyncid3id1.xml,false,26
tadSyncid4id1,tadSyncid1id4.xml,false,31
tadSyncid4id1,tadSyncid2id3.xml,false,34
tadSyncid4id1,tadSyncid5id3.xml,false,31
tadSyncid4id1,tmi13.xml,false,31
tadSyncid4id1,tadSyncid5id1.xml,false,31
tadSyncid4id1,tmi6.xml,false,28
tadSyncid4id1,tadSyncid5id5.xml,false,33
tadSyncid4id1,ccn1.xml,false,32
tadSyncid4id1,tadSyncid2id1.xml,false,26
tadSyncid4id1,tadSyncid4id4.xml,false,29
tadSyncid4id1,tmi2.xml,false,32
tadSyncid4id1,tadSyncid1id0.xml,false,31
tadSyncid4id1,tadSyncid0id2.xml,false,39
tadSyncid4id1,tadSyncid4id3.xml,false,30
tadSyncid4id1,tadSyncid1id5.xml,false,32
tadSyncid4id1,tadSyncid2id0.xml,false,27
tadSyncid4id1,tmi12.xml,false,29
tadSyncid4id1,smiTemplateid1.xml,false,35
tadSyncid4id1,tmi10.xml,false,32
tadSyncid4id1,tadSyncid3id3.xml,false,31
tadSyncid4id1,tadSyncid0id5.xml,false,28
tadSyncid4id1,tadSyncid5id2.xml,false,29
tadSyncid4id1,tmi11.xml,false,33
ccn2,tadSyncid3id4.xml,false,31
ccn2,tadSyncid2id4.xml,false,28
ccn2,smiTemplateid4.xml,false,37
ccn2,tadSyncid0id0.xml,false,32
ccn2,tadSyncid3id0.xml,false,32
ccn2,tmi4.xml,false,30
ccn2,tadSyncid0id3.xml,false,28
ccn2,tadSyncid0id4.xml,false,31
ccn2,tadSyncid3id2.xml,false,32
ccn2,tadSyncid5id0.xml,false,33
ccn2,tadSyncid3id1.xml,false,31
ccn2,tadSyncid1id4.xml,false,33
ccn2,tadSyncid2id3.xml,false,41
ccn2,tadSyncid5id3.xml,false,39
ccn2,tmi13.xml,false,38
ccn2,tadSyncid5id1.xml,false,34
ccn2,tmi6.xml,false,32
ccn2,tadSyncid5id5.xml,false,33
ccn2,ccn1.xml,true,30
ccn2,tadSyncid2id1.xml,false,31
ccn2,tadSyncid4id4.xml,false,27
ccn2,tmi2.xml,false,30
ccn2,tadSyncid1id0.xml,false,33
ccn2,tadSyncid0id2.xml,false,27
ccn2,tadSyncid4id3.xml,false,44
ccn2,tadSyncid1id5.xml,false,40
ccn2,tadSyncid2id0.xml,false,32
ccn2,tmi12.xml,false,31
ccn2,smiTemplateid1.xml,false,30
ccn2,tmi10.xml,false,27
ccn2,tadSyncid3id3.xml,false,28
ccn2,tadSyncid0id5.xml,false,34
ccn2,tadSyncid5id2.xml,false,29
ccn2,tmi11.xml,false,33
tadSyncid3id4,tadSyncid2id4.xml,false,30
tadSyncid3id4,smiTemplateid4.xml,false,40
tadSyncid3id4,tadSyncid0id0.xml,false,30
tadSyncid3id4,tadSyncid3id0.xml,false,31
tadSyncid3id4,tmi4.xml,false,30
tadSyncid3id4,tadSyncid0id3.xml,false,31
tadSyncid3id4,tadSyncid0id4.xml,false,30
tadSyncid3id4,tadSyncid3id2.xml,false,30
tadSyncid3id4,tadSyncid5id0.xml,false,30
tadSyncid3id4,tadSyncid3id1.xml,false,44
tadSyncid3id4,tadSyncid1id4.xml,false,34
tadSyncid3id4,tadSyncid2id3.xml,false,31
tadSyncid3id4,tadSyncid5id3.xml,false,28
tadSyncid3id4,tmi13.xml,false,29
tadSyncid3id4,tadSyncid5id1.xml,false,37
tadSyncid3id4,tmi6.xml,false,40
tadSyncid3id4,tadSyncid5id5.xml,false,37
tadSyncid3id4,ccn1.xml,false,31
tadSyncid3id4,tadSyncid2id1.xml,false,40
tadSyncid3id4,tadSyncid4id4.xml,false,30
tadSyncid3id4,tmi2.xml,false,32
tadSyncid3id4,tadSyncid1id0.xml,false,39
tadSyncid3id4,tadSyncid0id2.xml,false,36
tadSyncid3id4,tadSyncid4id3.xml,false,31
tadSyncid3id4,tadSyncid1id5.xml,false,32
tadSyncid3id4,tadSyncid2id0.xml,false,33
tadSyncid3id4,tmi12.xml,false,44
tadSyncid3id4,smiTemplateid1.xml,false,37
tadSyncid3id4,tmi10.xml,false,33
tadSyncid3id4,tadSyncid3id3.xml,false,32
tadSyncid3id4,tadSyncid0id5.xml,false,32
tadSyncid3id4,tadSyncid5id2.xml,false,30
tadSyncid3id4,tmi11.xml,false,28
tadSyncid2id4,smiTemplateid4.xml,false,37
tadSyncid2id4,tadSyncid0id0.xml,false,38
tadSyncid2id4,tadSyncid3id0.xml,false,28
tadSyncid2id4,tmi4.xml,false,30
tadSyncid2id4,tadSyncid0id3.xml,false,30
tadSyncid2id4,tadSyncid0id4.xml,false,36
tadSyncid2id4,tadSyncid3id2.xml,false,33
tadSyncid2id4,tadSyncid5id0.xml,false,31
tadSyncid2id4,tadSyncid3id1.xml,false,29
tadSyncid2id4,tadSyncid1id4.xml,false,35
tadSyncid2id4,tadSyncid2id3.xml,false,30
tadSyncid2id4,tadSyncid5id3.xml,false,30
tadSyncid2id4,tmi13.xml,false,26
tadSyncid2id4,tadSyncid5id1.xml,false,35
tadSyncid2id4,tmi6.xml,false,33
tadSyncid2id4,tadSyncid5id5.xml,false,30
tadSyncid2id4,ccn1.xml,false,29
tadSyncid2id4,tadSyncid2id1.xml,false,31
tadSyncid2id4,tadSyncid4id4.xml,false,31
tadSyncid2id4,tmi2.xml,false,29
tadSyncid2id4,tadSyncid1id0.xml,false,30
tadSyncid2id4,tadSyncid0id2.xml,false,31
tadSyncid2id4,tadSyncid4id3.xml,false,30
tadSyncid2id4,tadSyncid1id5.xml,false,33
tadSyncid2id4,tadSyncid2id0.xml,false,36
tadSyncid2id4,tmi12.xml,false,30
tadSyncid2id4,smiTemplateid1.xml,false,34
tadSyncid2id4,tmi10.xml,false,27
tadSyncid2id4,tadSyncid3id3.xml,false,34
tadSyncid2id4,tadSyncid0id5.xml,false,29
tadSyncid2id4,tadSyncid5id2.xml,false,37
tadSyncid2id4,tmi11.xml,false,33
smiTemplateid4,tadSyncid0id0.xml,false,31
smiTemplateid4,tadSyncid3id0.xml,false,29
smiTemplateid4,tmi4.xml,false,34
smiTemplateid4,tadSyncid0id3.xml,false,29
smiTemplateid4,tadSyncid0id4.xml,false,29
smiTemplateid4,tadSyncid3id2.xml,false,29
smiTemplateid4,tadSyncid5id0.xml,false,42
smiTemplateid4,tadSyncid3id1.xml,false,33
smiTemplateid4,tadSyncid1id4.xml,false,32
smiTemplateid4,tadSyncid2id3.xml,false,36
smiTemplateid4,tadSyncid5id3.xml,false,31
smiTemplateid4,tmi13.xml,true,27
smiTemplateid4,tadSyncid5id1.xml,false,36
smiTemplateid4,tmi6.xml,false,30
smiTemplateid4,tadSyncid5id5.xml,false,29
smiTemplateid4,ccn1.xml,false,27
smiTemplateid4,tadSyncid2id1.xml,false,33
smiTemplateid4,tadSyncid4id4.xml,false,41
smiTemplateid4,tmi2.xml,false,28
smiTemplateid4,tadSyncid1id0.xml,false,28
smiTemplateid4,tadSyncid0id2.xml,false,34
smiTemplateid4,tadSyncid4id3.xml,false,31
smiTemplateid4,tadSyncid1id5.xml,false,31
smiTemplateid4,tadSyncid2id0.xml,false,36
smiTemplateid4,tmi12.xml,false,35
smiTemplateid4,smiTemplateid1.xml,false,28
smiTemplateid4,tmi10.xml,false,27
smiTemplateid4,tadSyncid3id3.xml,false,30
smiTemplateid4,tadSyncid0id5.xml,false,35
smiTemplateid4,tadSyncid5id2.xml,false,35
smiTemplateid4,tmi11.xml,false,30
tadSyncid0id0,tadSyncid3id0.xml,false,28
tadSyncid0id0,tmi4.xml,false,37
tadSyncid0id0,tadSyncid0id3.xml,false,28
tadSyncid0id0,tadSyncid0id4.xml,false,29
tadSyncid0id0,tadSyncid3id2.xml,false,32
tadSyncid0id0,tadSyncid5id0.xml,false,35
tadSyncid0id0,tadSyncid3id1.xml,false,32
tadSyncid0id0,tadSyncid1id4.xml,false,34
tadSyncid0id0,tadSyncid2id3.xml,false,30
tadSyncid0id0,tadSyncid5id3.xml,false,30
tadSyncid0id0,tmi13.xml,false,33
tadSyncid0id0,tadSyncid5id1.xml,false,26
tadSyncid0id0,tmi6.xml,false,34
tadSyncid0id0,tadSyncid5id5.xml,false,33
tadSyncid0id0,ccn1.xml,false,38
tadSyncid0id0,tadSyncid2id1.xml,false,35
tadSyncid0id0,tadSyncid4id4.xml,false,33
tadSyncid0id0,tmi2.xml,false,38
tadSyncid0id0,tadSyncid1id0.xml,false,33
tadSyncid0id0,tadSyncid0id2.xml,false,39
tadSyncid0id0,tadSyncid4id3.xml,false,33
tadSyncid0id0,tadSyncid1id5.xml,false,32
tadSyncid0id0,tadSyncid2id0.xml,false,28
tadSyncid0id0,tmi12.xml,false,32
tadSyncid0id0,smiTemplateid1.xml,false,31
tadSyncid0id0,tmi10.xml,false,31
tadSyncid0id0,tadSyncid3id3.xml,false,28
tadSyncid0id0,tadSyncid0id5.xml,false,30
tadSyncid0id0,tadSyncid5id2.xml,false,28
tadSyncid0id0,tmi11.xml,false,29
tadSyncid3id0,tmi4.xml,false,35
tadSyncid3id0,tadSyncid0id3.xml,false,35
tadSyncid3id0,tadSyncid0id4.xml,false,30
tadSyncid3id0,tadSyncid3id2.xml,false,31
tadSyncid3id0,tadSyncid5id0.xml,false,33
tadSyncid3id0,tadSyncid3id1.xml,false,25
tadSyncid3id0,tadSyncid1id4.xml,false,31
tadSyncid3id0,tadSyncid2id3.xml,false,33
tadSyncid3id0,tadSyncid5id3.xml,false,27
tadSyncid3id0,tmi13.xml,false,33
tadSyncid3id0,tadSyncid5id1.xml,false,46
tadSyncid3id0,tmi6.xml,false,28
tadSyncid3id0,tadSyncid5id5.xml,false,30
tadSyncid3id0,ccn1.xml,false,32
tadSyncid3id0,tadSyncid2id1.xml,false,33
tadSyncid3id0,tadSyncid4id4.xml,false,34
tadSyncid3id0,tmi2.xml,false,28
tadSyncid3id0,tadSyncid1id0.xml,false,27
tadSyncid3id0,tadSyncid0id2.xml,false,33
tadSyncid3id0,tadSyncid4id3.xml,false,34
tadSyncid3id0,tadSyncid1id5.xml,false,35
tadSyncid3id0,tadSyncid2id0.xml,false,33
tadSyncid3id0,tmi12.xml,false,37
tadSyncid3id0,smiTemplateid1.xml,false,32
tadSyncid3id0,tmi10.xml,false,40
tadSyncid3id0,tadSyncid3id3.xml,false,28
tadSyncid3id0,tadSyncid0id5.xml,false,27
tadSyncid3id0,tadSyncid5id2.xml,false,38
tadSyncid3id0,tmi11.xml,false,36
tmi4,tadSyncid0id3.xml,false,29
tmi4,tadSyncid0id4.xml,false,29
tmi4,tadSyncid3id2.xml,false,30
tmi4,tadSyncid5id0.xml,false,37
tmi4,tadSyncid3id1.xml,false,32
tmi4,tadSyncid1id4.xml,false,29
tmi4,tadSyncid2id3.xml,false,41
tmi4,tadSyncid5id3.xml,false,33
tmi4,tmi13.xml,false,27
tmi4,tadSyncid5id1.xml,false,34
tmi4,tmi6.xml,false,30
tmi4,tadSyncid5id5.xml,false,33
tmi4,ccn1.xml,false,32
tmi4,tadSyncid2id1.xml,false,27
tmi4,tadSyncid4id4.xml,false,29
tmi4,tmi2.xml,false,39
tmi4,tadSyncid1id0.xml,false,37
tmi4,tadSyncid0id2.xml,false,31
tmi4,tadSyncid4id3.xml,false,28
tmi4,tadSyncid1id5.xml,false,32
tmi4,tadSyncid2id0.xml,false,29
tmi4,tmi12.xml,false,30
tmi4,smiTemplateid1.xml,true,31
tmi4,tmi10.xml,false,28
tmi4,tadSyncid3id3.xml,false,32
tmi4,tadSyncid0id5.xml,false,36
tmi4,tadSyncid5id2.xml,false,35
tmi4,tmi11.xml,false,30
tadSyncid0id3,tadSyncid0id4.xml,false,30
tadSyncid0id3,tadSyncid3id2.xml,false,33
tadSyncid0id3,tadSyncid5id0.xml,false,28
tadSyncid0id3,tadSyncid3id1.xml,false,35
tadSyncid0id3,tadSyncid1id4.xml,false,32
tadSyncid0id3,tadSyncid2id3.xml,false,35
tadSyncid0id3,tadSyncid5id3.xml,false,34
tadSyncid0id3,tmi13.xml,false,35
tadSyncid0id3,tadSyncid5id1.xml,false,31
tadSyncid0id3,tmi6.xml,false,35
tadSyncid0id3,tadSyncid5id5.xml,false,36
tadSyncid0id3,ccn1.xml,false,28
tadSyncid0id3,tadSyncid2id1.xml,false,30
tadSyncid0id3,tadSyncid4id4.xml,false,33
tadSyncid0id3,tmi2.xml,false,29
tadSyncid0id3,tadSyncid1id0.xml,false,25
tadSyncid0id3,tadSyncid0id2.xml,false,30
tadSyncid0id3,tadSyncid4id3.xml,false,30
tadSyncid0id3,tadSyncid1id5.xml,false,29
tadSyncid0id3,tadSyncid2id0.xml,false,28
tadSyncid0id3,tmi12.xml,false,30
tadSyncid0id3,smiTemplateid1.xml,false,32
tadSyncid0id3,tmi10.xml,false,32
tadSyncid0id3,tadSyncid3id3.xml,false,30
tadSyncid0id3,tadSyncid0id5.xml,false,37
tadSyncid0id3,tadSyncid5id2.xml,false,33
tadSyncid0id3,tmi11.xml,false,28
tadSyncid0id4,tadSyncid3id2.xml,false,33
tadSyncid0id4,tadSyncid5id0.xml,false,33
tadSyncid0id4,tadSyncid3id1.xml,false,31
tadSyncid0id4,tadSyncid1id4.xml,false,32
tadSyncid0id4,tadSyncid2id3.xml,false,30
tadSyncid0id4,tadSyncid5id3.xml,false,30
tadSyncid0id4,tmi13.xml,false,27
tadSyncid0id4,tadSyncid5id1.xml,false,29
tadSyncid0id4,tmi6.xml,false,28
tadSyncid0id4,tadSyncid5id5.xml,false,30
tadSyncid0id4,ccn1.xml,false,27
tadSyncid0id4,tadSyncid2id1.xml,false,28
tadSyncid0id4,tadSyncid4id4.xml,false,31
tadSyncid0id4,tmi2.xml,false,33
tadSyncid0id4,tadSyncid1id0.xml,false,27
tadSyncid0id4,tadSyncid0id2.xml,false,27
tadSyncid0id4,tadSyncid4id3.xml,false,33
tadSyncid0id4,tadSyncid1id5.xml,false,34
tadSyncid0id4,tadSyncid2id0.xml,false,30
tadSyncid0id4,tmi12.xml,false,50
tadSyncid0id4,smiTemplateid1.xml,false,36
tadSyncid0id4,tmi10.xml,false,33
tadSyncid0id4,tadSyncid3id3.xml,false,26
tadSyncid0id4,tadSyncid0id5.xml,false,32
tadSyncid0id4,tadSyncid5id2.xml,false,30
tadSyncid0id4,tmi11.xml,false,31
tadSyncid3id2,tadSyncid5id0.xml,false,29
tadSyncid3id2,tadSyncid3id1.xml,false,34
tadSyncid3id2,tadSyncid1id4.xml,false,30
tadSyncid3id2,tadSyncid2id3.xml,false,36
tadSyncid3id2,tadSyncid5id3.xml,false,31
tadSyncid3id2,tmi13.xml,false,29
tadSyncid3id2,tadSyncid5id1.xml,false,33
tadSyncid3id2,tmi6.xml,false,32
tadSyncid3id2,tadSyncid5id5.xml,false,39
tadSyncid3id2,ccn1.xml,false,28
tadSyncid3id2,tadSyncid2id1.xml,false,32
tadSyncid3id2,tadSyncid4id4.xml,false,41
tadSyncid3id2,tmi2.xml,false,34
tadSyncid3id2,tadSyncid1id0.xml,false,29
tadSyncid3id2,tadSyncid0id2.xml,false,34
tadSyncid3id2,tadSyncid4id3.xml,false,32
tadSyncid3id2,tadSyncid1id5.xml,false,27
tadSyncid3id2,tadSyncid2id0.xml,false,32
tadSyncid3id2,tmi12.xml,false,28
tadSyncid3id2,smiTemplateid1.xml,false,34
tadSyncid3id2,tmi10.xml,false,46
tadSyncid3id2,tadSyncid3id3.xml,false,38
tadSyncid3id2,tadSyncid0id5.xml,false,30
tadSyncid3id2,tadSyncid5id2.xml,false,34
tadSyncid3id2,tmi11.xml,false,33
tadSyncid5id0,tadSyncid3id1.xml,false,41
tadSyncid5id0,tadSyncid1id4.xml,false,29
tadSyncid5id0,tadSyncid2id3.xml,false,32
tadSyncid5id0,tadSyncid5id3.xml,false,31
tadSyncid5id0,tmi13.xml,false,32
tadSyncid5id0,tadSyncid5id1.xml,false,37
tadSyncid5id0,tmi6.xml,false,32
tadSyncid5id0,tadSyncid5id5.xml,false,30
tadSyncid5id0,ccn1.xml,false,27
tadSyncid5id0,tadSyncid2id1.xml,false,27
tadSyncid5id0,tadSyncid4id4.xml,false,29
tadSyncid5id0,tmi2.xml,false,28
tadSyncid5id0,tadSyncid1id0.xml,false,31
tadSyncid5id0,tadSyncid0id2.xml,false,27
tadSyncid5id0,tadSyncid4id3.xml,false,32
tadSyncid5id0,tadSyncid1id5.xml,false,37
tadSyncid5id0,tadSyncid2id0.xml,false,35
tadSyncid5id0,tmi12.xml,false,38
tadSyncid5id0,smiTemplateid1.xml,false,38
tadSyncid5id0,tmi10.xml,false,28
tadSyncid5id0,tadSyncid3id3.xml,false,26
tadSyncid5id0,tadSyncid0id5.xml,false,34
tadSyncid5id0,tadSyncid5id2.xml,false,38
tadSyncid5id0,tmi11.xml,false,31
tadSyncid3id1,tadSyncid1id4.xml,false,39
tadSyncid3id1,tadSyncid2id3.xml,false,31
tadSyncid3id1,tadSyncid5id3.xml,false,30
tadSyncid3id1,tmi13.xml,false,29
tadSyncid3id1,tadSyncid5id1.xml,false,31
tadSyncid3id1,tmi6.xml,false,36
tadSyncid3id1,tadSyncid5id5.xml,false,34
tadSyncid3id1,ccn1.xml,false,38
tadSyncid3id1,tadSyncid2id1.xml,false,29
tadSyncid3id1,tadSyncid4id4.xml,false,29
tadSyncid3id1,tmi2.xml,false,32
tadSyncid3id1,tadSyncid1id0.xml,false,30
tadSyncid3id1,tadSyncid0id2.xml,false,30
tadSyncid3id1,tadSyncid4id3.xml,false,28
tadSyncid3id1,tadSyncid1id5.xml,false,28
tadSyncid3id1,tadSyncid2id0.xml,false,32
tadSyncid3id1,tmi12.xml,false,34
tadSyncid3id1,smiTemplateid1.xml,false,30
tadSyncid3id1,tmi10.xml,false,45
tadSyncid3id1,tadSyncid3id3.xml,false,37
tadSyncid3id1,tadSyncid0id5.xml,false,48
tadSyncid3id1,tadSyncid5id2.xml,false,31
tadSyncid3id1,tmi11.xml,false,29
tadSyncid1id4,tadSyncid2id3.xml,false,32
tadSyncid1id4,tadSyncid5id3.xml,false,33
tadSyncid1id4,tmi13.xml,false,29
tadSyncid1id4,tadSyncid5id1.xml,false,29
tadSyncid1id4,tmi6.xml,false,29
tadSyncid1id4,tadSyncid5id5.xml,false,33
tadSyncid1id4,ccn1.xml,false,31
tadSyncid1id4,tadSyncid2id1.xml,false,31
tadSyncid1id4,tadSyncid4id4.xml,false,40
tadSyncid1id4,tmi2.xml,false,42
tadSyncid1id4,tadSyncid1id0.xml,false,29
tadSyncid1id4,tadSyncid0id2.xml,false,33
tadSyncid1id4,tadSyncid4id3.xml,false,34
tadSyncid1id4,tadSyncid1id5.xml,false,27
tadSyncid1id4,tadSyncid2id0.xml,false,37
tadSyncid1id4,tmi12.xml,false,33
tadSyncid1id4,smiTemplateid1.xml,false,33
tadSyncid1id4,tmi10.xml,false,29
tadSyncid1id4,tadSyncid3id3.xml,false,31
tadSyncid1id4,tadSyncid0id5.xml,false,32
tadSyncid1id4,tadSyncid5id2.xml,false,30
tadSyncid1id4,tmi11.xml,false,34
tadSyncid2id3,tadSyncid5id3.xml,false,30
tadSyncid2id3,tmi13.xml,false,30
tadSyncid2id3,tadSyncid5id1.xml,false,28
tadSyncid2id3,tmi6.xml,false,29
tadSyncid2id3,tadSyncid5id5.xml,false,32
tadSyncid2id3,ccn1.xml,false,30
tadSyncid2id3,tadSyncid2id1.xml,false,28
tadSyncid2id3,tadSyncid4id4.xml,false,31
tadSyncid2id3,tmi2.xml,false,31
tadSyncid2id3,tadSyncid1id0.xml,false,29
tadSyncid2id3,tadSyncid0id2.xml,false,35
tadSyncid2id3,tadSyncid4id3.xml,false,37
tadSyncid2id3,tadSyncid1id5.xml,false,28
tadSyncid2id3,tadSyncid2id0.xml,false,30
tadSyncid2id3,tmi12.xml,false,41
tadSyncid2id3,smiTemplateid1.xml,false,39
tadSyncid2id3,tmi10.xml,false,37
tadSyncid2id3,tadSyncid3id3.xml,false,30
tadSyncid2id3,tadSyncid0id5.xml,false,33
tadSyncid2id3,tadSyncid5id2.xml,false,30
tadSyncid2id3,tmi11.xml,false,35
tadSyncid5id3,tmi13.xml,false,29
tadSyncid5id3,tadSyncid5id1.xml,false,47
tadSyncid5id3,tmi6.xml,false,31
tadSyncid5id3,tadSyncid5id5.xml,false,33
tadSyncid5id3,ccn1.xml,false,32
tadSyncid5id3,tadSyncid2id1.xml,false,37
tadSyncid5id3,tadSyncid4id4.xml,false,40
tadSyncid5id3,tmi2.xml,false,33
tadSyncid5id3,tadSyncid1id0.xml,false,39
tadSyncid5id3,tadSyncid0id2.xml,false,29
tadSyncid5id3,tadSyncid4id3.xml,false,31
tadSyncid5id3,tadSyncid1id5.xml,false,30
tadSyncid5id3,tadSyncid2id0.xml,false,35
tadSyncid5id3,tmi12.xml,false,40
tadSyncid5id3,smiTemplateid1.xml,false,30
tadSyncid5id3,tmi10.xml,false,41
tadSyncid5id3,tadSyncid3id3.xml,false,33
tadSyncid5id3,tadSyncid0id5.xml,false,37
tadSyncid5id3,tadSyncid5id2.xml,false,31
tadSyncid5id3,tmi11.xml,false,27
tmi13,tadSyncid5id1.xml,false,30
tmi13,tmi6.xml,false,28
tmi13,tadSyncid5id5.xml,false,32
tmi13,ccn1.xml,false,38
tmi13,tadSyncid2id1.xml,false,33
tmi13,tadSyncid4id4.xml,false,26
tmi13,tmi2.xml,false,29
tmi13,tadSyncid1id0.xml,false,31
tmi13,tadSyncid0id2.xml,false,28
tmi13,tadSyncid4id3.xml,false,29
tmi13,tadSyncid1id5.xml,false,33
tmi13,tadSyncid2id0.xml,false,28
tmi13,tmi12.xml,false,37
tmi13,smiTemplateid1.xml,false,34
tmi13,tmi10.xml,false,29
tmi13,tadSyncid3id3.xml,false,32
tmi13,tadSyncid0id5.xml,false,35
tmi13,tadSyncid5id2.xml,false,29
tmi13,tmi11.xml,false,29
tadSyncid5id1,tmi6.xml,false,28
tadSyncid5id1,tadSyncid5id5.xml,false,39
tadSyncid5id1,ccn1.xml,false,42
tadSyncid5id1,tadSyncid2id1.xml,false,42
tadSyncid5id1,tadSyncid4id4.xml,false,33
tadSyncid5id1,tmi2.xml,false,32
tadSyncid5id1,tadSyncid1id0.xml,false,33
tadSyncid5id1,tadSyncid0id2.xml,false,30
tadSyncid5id1,tadSyncid4id3.xml,false,29
tadSyncid5id1,tadSyncid1id5.xml,false,32
tadSyncid5id1,tadSyncid2id0.xml,false,29
tadSyncid5id1,tmi12.xml,false,30
tadSyncid5id1,smiTemplateid1.xml,false,38
tadSyncid5id1,tmi10.xml,false,30
tadSyncid5id1,tadSyncid3id3.xml,false,31
tadSyncid5id1,tadSyncid0id5.xml,false,32
tadSyncid5id1,tadSyncid5id2.xml,false,34
tadSyncid5id1,tmi11.xml,false,35
tmi6,tadSyncid5id5.xml,false,43
tmi6,ccn1.xml,false,38
tmi6,tadSyncid2id1.xml,false,32
tmi6,tadSyncid4id4.xml,false,28
tmi6,tmi2.xml,false,31
tmi6,tadSyncid1id0.xml,false,35
tmi6,tadSyncid0id2.xml,false,36
tmi6,tadSyncid4id3.xml,false,33
tmi6,tadSyncid1id5.xml,false,27
tmi6,tadSyncid2id0.xml,false,36
tmi6,tmi12.xml,false,41
tmi6,smiTemplateid1.xml,false,35
tmi6,tmi10.xml,false,29
tmi6,tadSyncid3id3.xml,false,35
tmi6,tadSyncid0id5.xml,false,40
tmi6,tadSyncid5id2.xml,false,38
tmi6,tmi11.xml,false,35
tadSyncid5id5,ccn1.xml,false,37
tadSyncid5id5,tadSyncid2id1.xml,false,32
tadSyncid5id5,tadSyncid4id4.xml,false,31
tadSyncid5id5,tmi2.xml,false,27
tadSyncid5id5,tadSyncid1id0.xml,false,37
tadSyncid5id5,tadSyncid0id2.xml,false,27
tadSyncid5id5,tadSyncid4id3.xml,false,30
tadSyncid5id5,tadSyncid1id5.xml,false,27
tadSyncid5id5,tadSyncid2id0.xml,false,30
tadSyncid5id5,tmi12.xml,false,28
tadSyncid5id5,smiTemplateid1.xml,false,29
tadSyncid5id5,tmi10.xml,false,28
tadSyncid5id5,tadSyncid3id3.xml,false,31
tadSyncid5id5,tadSyncid0id5.xml,false,30
tadSyncid5id5,tadSyncid5id2.xml,false,31
tadSyncid5id5,tmi11.xml,false,32
ccn1,tadSyncid2id1.xml,false,35
ccn1,tadSyncid4id4.xml,false,31
ccn1,tmi2.xml,false,28
ccn1,tadSyncid1id0.xml,false,31
ccn1,tadSyncid0id2.xml,false,32
ccn1,tadSyncid4id3.xml,false,32
ccn1,tadSyncid1id5.xml,false,31
ccn1,tadSyncid2id0.xml,false,37
ccn1,tmi12.xml,false,33
ccn1,smiTemplateid1.xml,false,42
ccn1,tmi10.xml,false,29
ccn1,tadSyncid3id3.xml,false,30
ccn1,tadSyncid0id5.xml,false,30
ccn1,tadSyncid5id2.xml,false,31
ccn1,tmi11.xml,false,31
tadSyncid2id1,tadSyncid4id4.xml,false,41
tadSyncid2id1,tmi2.xml,false,34
tadSyncid2id1,tadSyncid1id0.xml,false,30
tadSyncid2id1,tadSyncid0id2.xml,false,30
tadSyncid2id1,tadSyncid4id3.xml,false,38
tadSyncid2id1,tadSyncid1id5.xml,false,39
tadSyncid2id1,tadSyncid2id0.xml,false,38
tadSyncid2id1,tmi12.xml,false,42
tadSyncid2id1,smiTemplateid1.xml,false,36
tadSyncid2id1,tmi10.xml,false,36
tadSyncid2id1,tadSyncid3id3.xml,false,35
tadSyncid2id1,tadSyncid0id5.xml,false,42
tadSyncid2id1,tadSyncid5id2.xml,false,36
tadSyncid2id1,tmi11.xml,false,38
tadSyncid4id4,tmi2.xml,false,44
tadSyncid4id4,tadSyncid1id0.xml,false,38
tadSyncid4id4,tadSyncid0id2.xml,false,40
tadSyncid4id4,tadSyncid4id3.xml,false,46
tadSyncid4id4,tadSyncid1id5.xml,false,44
tadSyncid4id4,tadSyncid2id0.xml,false,44
tadSyncid4id4,tmi12.xml,false,42
tadSyncid4id4,smiTemplateid1.xml,false,38
tadSyncid4id4,tmi10.xml,false,38
tadSyncid4id4,tadSyncid3id3.xml,false,42
tadSyncid4id4,tadSyncid0id5.xml,false,34
tadSyncid4id4,tadSyncid5id2.xml,false,34
tadSyncid4id4,tmi11.xml,false,34
tmi2,tadSyncid1id0.xml,false,36
tmi2,tadSyncid0id2.xml,false,35
tmi2,tadSyncid4id3.xml,false,33
tmi2,tadSyncid1id5.xml,false,36
tmi2,tadSyncid2id0.xml,false,36
tmi2,tmi12.xml,false,37
tmi2,smiTemplateid1.xml,false,31
tmi2,tmi10.xml,false,34
tmi2,tadSyncid3id3.xml,false,31
tmi2,tadSyncid0id5.xml,false,33
tmi2,tadSyncid5id2.xml,false,34
tmi2,tmi11.xml,false,31
tadSyncid1id0,tadSyncid0id2.xml,false,34
tadSyncid1id0,tadSyncid4id3.xml,false,31
tadSyncid1id0,tadSyncid1id5.xml,false,32
tadSyncid1id0,tadSyncid2id0.xml,false,32
tadSyncid1id0,tmi12.xml,false,31
tadSyncid1id0,smiTemplateid1.xml,false,31
tadSyncid1id0,tmi10.xml,false,32
tadSyncid1id0,tadSyncid3id3.xml,false,32
tadSyncid1id0,tadSyncid0id5.xml,false,32
tadSyncid1id0,tadSyncid5id2.xml,false,33
tadSyncid1id0,tmi11.xml,false,31
tadSyncid0id2,tadSyncid4id3.xml,false,32
tadSyncid0id2,tadSyncid1id5.xml,false,30
tadSyncid0id2,tadSyncid2id0.xml,false,44
tadSyncid0id2,tmi12.xml,false,31
tadSyncid0id2,smiTemplateid1.xml,false,33
tadSyncid0id2,tmi10.xml,false,36
tadSyncid0id2,tadSyncid3id3.xml,false,34
tadSyncid0id2,tadSyncid0id5.xml,false,35
tadSyncid0id2,tadSyncid5id2.xml,false,33
tadSyncid0id2,tmi11.xml,false,34
tadSyncid4id3,tadSyncid1id5.xml,false,37
tadSyncid4id3,tadSyncid2id0.xml,false,32
tadSyncid4id3,tmi12.xml,false,39
tadSyncid4id3,smiTemplateid1.xml,false,33
tadSyncid4id3,tmi10.xml,false,34
tadSyncid4id3,tadSyncid3id3.xml,false,37
tadSyncid4id3,tadSyncid0id5.xml,false,35
tadSyncid4id3,tadSyncid5id2.xml,false,33
tadSyncid4id3,tmi11.xml,false,33
tadSyncid1id5,tadSyncid2id0.xml,false,34
tadSyncid1id5,tmi12.xml,false,36
tadSyncid1id5,smiTemplateid1.xml,false,32
tadSyncid1id5,tmi10.xml,false,32
tadSyncid1id5,tadSyncid3id3.xml,false,36
tadSyncid1id5,tadSyncid0id5.xml,false,35
tadSyncid1id5,tadSyncid5id2.xml,false,36
tadSyncid1id5,tmi11.xml,false,33
tadSyncid2id0,tmi12.xml,false,33
tadSyncid2id0,smiTemplateid1.xml,false,34
tadSyncid2id0,tmi10.xml,false,32
tadSyncid2id0,tadSyncid3id3.xml,false,35
tadSyncid2id0,tadSyncid0id5.xml,false,37
tadSyncid2id0,tadSyncid5id2.xml,false,36
tadSyncid2id0,tmi11.xml,false,40
tmi12,smiTemplateid1.xml,false,39
tmi12,tmi10.xml,false,39
tmi12,tadSyncid3id3.xml,false,36
tmi12,tadSyncid0id5.xml,false,37
tmi12,tadSyncid5id2.xml,false,36
tmi12,tmi11.xml,false,35
smiTemplateid1,tmi10.xml,false,35
smiTemplateid1,tadSyncid3id3.xml,false,33
smiTemplateid1,tadSyncid0id5.xml,false,32
smiTemplateid1,tadSyncid5id2.xml,false,34
smiTemplateid1,tmi11.xml,false,32
tmi10,tadSyncid3id3.xml,false,33
tmi10,tadSyncid0id5.xml,false,31
tmi10,tadSyncid5id2.xml,false,34
tmi10,tmi11.xml,false,30
tadSyncid3id3,tadSyncid0id5.xml,false,40
tadSyncid3id3,tadSyncid5id2.xml,false,43
tadSyncid3id3,tmi11.xml,false,43
tadSyncid0id5,tadSyncid5id2.xml,false,36
tadSyncid0id5,tmi11.xml,false,35
tadSyncid5id2,tmi11.xml,false,32
