tmi9,tmi1.xml,false,145
tmi9,tadSyncid1id2.xml,false,40
tmi9,tadSyncid4id1.xml,false,43
tmi9,ccn2.xml,false,41
tmi9,tadSyncid3id4.xml,false,37
tmi9,tadSyncid2id4.xml,false,35
tmi9,cxs1.xml,false,43
tmi9,smiTemplateid4.xml,false,27
tmi9,tadSyncid0id0.xml,false,40
tmi9,tadSyncid3id0.xml,false,38
tmi9,tmi4.xml,false,29
tmi9,tadSyncid0id3.xml,false,30
tmi9,tadSyncid0id4.xml,false,28
tmi9,tadSyncid3id2.xml,false,33
tmi9,tadSyncid5id0.xml,false,30
tmi9,tadSyncid3id1.xml,false,29
tmi9,tadSyncid1id4.xml,false,29
tmi9,tadSyncid2id3.xml,false,34
tmi9,tadSyncid5id3.xml,false,28
tmi9,tmi13.xml,false,39
tmi9,tadSyncid5id1.xml,false,31
tmi9,tmi6.xml,false,29
tmi9,tadSyncid5id5.xml,false,31
tmi9,ccn1.xml,false,29
tmi9,cxs2.xml,false,33
tmi9,tadSyncid2id1.xml,false,33
tmi9,tadSyncid4id4.xml,false,39
tmi9,tmi2.xml,false,35
tmi9,tadSyncid1id0.xml,false,30
tmi9,tadSyncid0id2.xml,false,29
tmi9,tadSyncid4id3.xml,false,39
tmi9,tadSyncid1id5.xml,false,32
tmi9,tadSyncid2id0.xml,false,33
tmi9,tmi12.xml,false,32
tmi9,smiTemplateid1.xml,false,38
tmi9,tmi10.xml,false,34
tmi9,tadSyncid3id3.xml,false,33
tmi9,tadSyncid0id5.xml,false,29
tmi9,tadSyncid5id2.xml,false,29
tmi9,tmi11.xml,false,30
tmi1,tadSyncid1id2.xml,false,31
tmi1,tadSyncid4id1.xml,false,31
tmi1,ccn2.xml,false,31
tmi1,tadSyncid3id4.xml,false,31
tmi1,tadSyncid2id4.xml,false,34
tmi1,cxs1.xml,false,31
tmi1,smiTemplateid4.xml,false,34
tmi1,tadSyncid0id0.xml,false,51
tmi1,tadSyncid3id0.xml,false,51
tmi1,tmi4.xml,false,43
tmi1,tadSyncid0id3.xml,false,54
tmi1,tadSyncid0id4.xml,false,52
tmi1,tadSyncid3id2.xml,false,48
tmi1,tadSyncid5id0.xml,false,56
tmi1,tadSyncid3id1.xml,false,52
tmi1,tadSyncid1id4.xml,false,50
tmi1,tadSyncid2id3.xml,false,69
tmi1,tadSyncid5id3.xml,false,49
tmi1,tmi13.xml,false,43
tmi1,tadSyncid5id1.xml,false,48
tmi1,tmi6.xml,false,48
tmi1,tadSyncid5id5.xml,false,47
tmi1,ccn1.xml,false,50
tmi1,cxs2.xml,false,49
tmi1,tadSyncid2id1.xml,false,52
tmi1,tadSyncid4id4.xml,false,57
tmi1,tmi2.xml,false,51
tmi1,tadSyncid1id0.xml,false,52
tmi1,tadSyncid0id2.xml,false,49
tmi1,tadSyncid4id3.xml,false,61
tmi1,tadSyncid1id5.xml,false,51
tmi1,tadSyncid2id0.xml,false,59
tmi1,tmi12.xml,false,52
tmi1,smiTemplateid1.xml,false,48
tmi1,tmi10.xml,false,48
tmi1,tadSyncid3id3.xml,false,61
tmi1,tadSyncid0id5.xml,false,49
tmi1,tadSyncid5id2.xml,false,52
tmi1,tmi11.xml,false,50
tadSyncid1id2,tadSyncid4id1.xml,false,46
tadSyncid1id2,ccn2.xml,false,50
tadSyncid1id2,tadSyncid3id4.xml,false,51
tadSyncid1id2,tadSyncid2id4.xml,false,55
tadSyncid1id2,cxs1.xml,false,49
tadSyncid1id2,smiTemplateid4.xml,false,55
tadSyncid1id2,tadSyncid0id0.xml,false,44
tadSyncid1id2,tadSyncid3id0.xml,false,51
tadSyncid1id2,tmi4.xml,false,44
tadSyncid1id2,tadSyncid0id3.xml,false,56
tadSyncid1id2,tadSyncid0id4.xml,false,54
tadSyncid1id2,tadSyncid3id2.xml,false,50
tadSyncid1id2,tadSyncid5id0.xml,false,53
tadSyncid1id2,tadSyncid3id1.xml,false,53
tadSyncid1id2,tadSyncid1id4.xml,false,49
tadSyncid1id2,tadSyncid2id3.xml,false,58
tadSyncid1id2,tadSyncid5id3.xml,false,51
tadSyncid1id2,tmi13.xml,false,43
tadSyncid1id2,tadSyncid5id1.xml,false,52
tadSyncid1id2,tmi6.xml,false,50
tadSyncid1id2,tadSyncid5id5.xml,false,45
tadSyncid1id2,ccn1.xml,false,47
tadSyncid1id2,cxs2.xml,false,47
tadSyncid1id2,tadSyncid2id1.xml,false,38
tadSyncid1id2,tadSyncid4id4.xml,false,40
tadSyncid1id2,tmi2.xml,false,36
tadSyncid1id2,tadSyncid1id0.xml,false,35
tadSyncid1id2,tadSyncid0id2.xml,false,35
tadSyncid1id2,tadSyncid4id3.xml,false,36
tadSyncid1id2,tadSyncid1id5.xml,false,34
tadSyncid1id2,tadSyncid2id0.xml,false,36
tadSyncid1id2,tmi12.xml,false,34
tadSyncid1id2,smiTemplateid1.xml,false,31
tadSyncid1id2,tmi10.xml,false,35
tadSyncid1id2,tadSyncid3id3.xml,false,31
tadSyncid1id2,tadSyncid0id5.xml,false,35
tadSyncid1id2,tadSyncid5id2.xml,false,38
tadSyncid1id2,tmi11.xml,false,53
tadSyncid4id1,ccn2.xml,false,65
tadSyncid4id1,tadSyncid3id4.xml,false,45
tadSyncid4id1,tadSyncid2id4.xml,false,52
tadSyncid4id1,cxs1.xml,false,56
tadSyncid4id1,smiTemplateid4.xml,false,44
tadSyncid4id1,tadSyncid0id0.xml,false,55
tadSyncid4id1,tadSyncid3id0.xml,false,53
tadSyncid4id1,tmi4.xml,false,50
tadSyncid4id1,tadSyncid0id3.xml,false,54
tadSyncid4id1,tadSyncid0id4.xml,false,60
tadSyncid4id1,tadSyncid3id2.xml,false,64
tadSyncid4id1,tadSyncid5id0.xml,false,61
tadSyncid4id1,tadSyncid3id1.xml,false,56
tadSyncid4id1,tadSyncid1id4.xml,false,53
tadSyncid4id1,tadSyncid2id3.xml,false,54
tadSyncid4id1,tadSyncid5id3.xml,false,50
tadSyncid4id1,tmi13.xml,false,45
tadSyncid4id1,tadSyncid5id1.xml,false,48
tadSyncid4id1,tmi6.xml,false,69
tadSyncid4id1,tadSyncid5id5.xml,false,57
tadSyncid4id1,ccn1.xml,false,50
tadSyncid4id1,cxs2.xml,false,49
tadSyncid4id1,tadSyncid2id1.xml,false,48
tadSyncid4id1,tadSyncid4id4.xml,false,52
tadSyncid4id1,tmi2.xml,false,52
tadSyncid4id1,tadSyncid1id0.xml,false,47
tadSyncid4id1,tadSyncid0id2.xml,false,51
tadSyncid4id1,tadSyncid4id3.xml,false,45
tadSyncid4id1,tadSyncid1id5.xml,false,49
tadSyncid4id1,tadSyncid2id0.xml,false,52
tadSyncid4id1,tmi12.xml,false,63
tadSyncid4id1,smiTemplateid1.xml,false,61
tadSyncid4id1,tmi10.xml,false,53
tadSyncid4id1,tadSyncid3id3.xml,false,50
tadSyncid4id1,tadSyncid0id5.xml,false,53
tadSyncid4id1,tadSyncid5id2.xml,false,57
tadSyncid4id1,tmi11.xml,false,58
ccn2,tadSyncid3id4.xml,false,45
ccn2,tadSyncid2id4.xml,false,59
ccn2,cxs1.xml,false,55
ccn2,smiTemplateid4.xml,false,45
ccn2,tadSyncid0id0.xml,false,45
ccn2,tadSyncid3id0.xml,false,47
ccn2,tmi4.xml,false,54
ccn2,tadSyncid0id3.xml,false,54
ccn2,tadSyncid0id4.xml,false,56
ccn2,tadSyncid3id2.xml,false,62
ccn2,tadSyncid5id0.xml,false,55
ccn2,tadSyncid3id1.xml,false,49
ccn2,tadSyncid1id4.xml,false,47
ccn2,tadSyncid2id3.xml,false,38
ccn2,tadSyncid5id3.xml,false,35
ccn2,tmi13.xml,false,46
ccn2,tadSyncid5id1.xml,false,47
ccn2,tmi6.xml,false,40
ccn2,tadSyncid5id5.xml,false,40
ccn2,ccn1.xml,true,45
ccn2,cxs2.xml,false,47
ccn2,tadSyncid2id1.xml,false,52
ccn2,tadSyncid4id4.xml,false,50
ccn2,tmi2.xml,false,46
ccn2,tadSyncid1id0.xml,false,48
ccn2,tadSyncid0id2.xml,false,37
ccn2,tadSyncid4id3.xml,false,33
ccn2,tadSyncid1id5.xml,false,33
ccn2,tadSyncid2id0.xml,false,34
ccn2,tmi12.xml,false,38
ccn2,smiTemplateid1.xml,false,39
ccn2,tmi10.xml,false,33
ccn2,tadSyncid3id3.xml,false,32
ccn2,tadSyncid0id5.xml,false,33
ccn2,tadSyncid5id2.xml,false,34
ccn2,tmi11.xml,false,34
tadSyncid3id4,tadSyncid2id4.xml,false,33
tadSyncid3id4,cxs1.xml,false,38
tadSyncid3id4,smiTemplateid4.xml,false,32
tadSyncid3id4,tadSyncid0id0.xml,false,37
tadSyncid3id4,tadSyncid3id0.xml,false,41
tadSyncid3id4,tmi4.xml,false,33
tadSyncid3id4,tadSyncid0id3.xml,false,34
tadSyncid3id4,tadSyncid0id4.xml,false,34
tadSyncid3id4,tadSyncid3id2.xml,false,36
tadSyncid3id4,tadSyncid5id0.xml,false,33
tadSyncid3id4,tadSyncid3id1.xml,false,36
tadSyncid3id4,tadSyncid1id4.xml,false,37
tadSyncid3id4,tadSyncid2id3.xml,false,48
tadSyncid3id4,tadSyncid5id3.xml,false,37
tadSyncid3id4,tmi13.xml,false,34
tadSyncid3id4,tadSyncid5id1.xml,false,35
tadSyncid3id4,tmi6.xml,false,35
tadSyncid3id4,tadSyncid5id5.xml,false,45
tadSyncid3id4,ccn1.xml,false,40
tadSyncid3id4,cxs2.xml,false,35
tadSyncid3id4,tadSyncid2id1.xml,false,43
tadSyncid3id4,tadSyncid4id4.xml,false,37
tadSyncid3id4,tmi2.xml,false,41
tadSyncid3id4,tadSyncid1id0.xml,false,37
tadSyncid3id4,tadSyncid0id2.xml,false,43
tadSyncid3id4,tadSyncid4id3.xml,false,42
tadSyncid3id4,tadSyncid1id5.xml,false,45
tadSyncid3id4,tadSyncid2id0.xml,false,44
tadSyncid3id4,tmi12.xml,false,36
tadSyncid3id4,smiTemplateid1.xml,false,37
tadSyncid3id4,tmi10.xml,false,42
tadSyncid3id4,tadSyncid3id3.xml,false,41
tadSyncid3id4,tadSyncid0id5.xml,false,43
tadSyncid3id4,tadSyncid5id2.xml,false,52
tadSyncid3id4,tmi11.xml,false,38
tadSyncid2id4,cxs1.xml,false,35
tadSyncid2id4,smiTemplateid4.xml,false,36
tadSyncid2id4,tadSyncid0id0.xml,false,40
tadSyncid2id4,tadSyncid3id0.xml,false,43
tadSyncid2id4,tmi4.xml,false,40
tadSyncid2id4,tadSyncid0id3.xml,false,40
tadSyncid2id4,tadSyncid0id4.xml,false,39
tadSyncid2id4,tadSyncid3id2.xml,false,36
tadSyncid2id4,tadSyncid5id0.xml,false,36
tadSyncid2id4,tadSyncid3id1.xml,false,37
tadSyncid2id4,tadSyncid1id4.xml,false,42
tadSyncid2id4,tadSyncid2id3.xml,false,40
tadSyncid2id4,tadSyncid5id3.xml,false,34
tadSyncid2id4,tmi13.xml,false,37
tadSyncid2id4,tadSyncid5id1.xml,false,40
tadSyncid2id4,tmi6.xml,false,38
tadSyncid2id4,tadSyncid5id5.xml,false,37
tadSyncid2id4,ccn1.xml,false,35
tadSyncid2id4,cxs2.xml,false,41
tadSyncid2id4,tadSyncid2id1.xml,false,36
tadSyncid2id4,tadSyncid4id4.xml,false,35
tadSyncid2id4,tmi2.xml,false,39
tadSyncid2id4,tadSyncid1id0.xml,false,40
tadSyncid2id4,tadSyncid0id2.xml,false,34
tadSyncid2id4,tadSyncid4id3.xml,false,35
tadSyncid2id4,tadSyncid1id5.xml,false,36
tadSyncid2id4,tadSyncid2id0.xml,false,37
tadSyncid2id4,tmi12.xml,false,35
tadSyncid2id4,smiTemplateid1.xml,false,35
tadSyncid2id4,tmi10.xml,false,35
tadSyncid2id4,tadSyncid3id3.xml,false,35
tadSyncid2id4,tadSyncid0id5.xml,false,39
tadSyncid2id4,tadSyncid5id2.xml,false,37
tadSyncid2id4,tmi11.xml,false,35
cxs1,smiTemplateid4.xml,false,39
cxs1,tadSyncid0id0.xml,false,41
cxs1,tadSyncid3id0.xml,false,40
cxs1,tmi4.xml,false,41
cxs1,tadSyncid0id3.xml,false,45
cxs1,tadSyncid0id4.xml,false,38
cxs1,tadSyncid3id2.xml,false,42
cxs1,tadSyncid5id0.xml,false,37
cxs1,tadSyncid3id1.xml,false,38
cxs1,tadSyncid1id4.xml,false,36
cxs1,tadSyncid2id3.xml,false,40
cxs1,tadSyncid5id3.xml,false,35
cxs1,tmi13.xml,false,38
cxs1,tadSyncid5id1.xml,false,41
cxs1,tmi6.xml,false,37
cxs1,tadSyncid5id5.xml,false,36
cxs1,ccn1.xml,false,39
cxs1,cxs2.xml,true,37
cxs1,tadSyncid2id1.xml,false,36
cxs1,tadSyncid4id4.xml,false,38
cxs1,tmi2.xml,false,40
cxs1,tadSyncid1id0.xml,false,42
cxs1,tadSyncid0id2.xml,false,57
cxs1,tadSyncid4id3.xml,false,64
cxs1,tadSyncid1id5.xml,false,40
cxs1,tadSyncid2id0.xml,false,39
cxs1,tmi12.xml,false,37
cxs1,smiTemplateid1.xml,false,36
cxs1,tmi10.xml,false,36
cxs1,tadSyncid3id3.xml,false,36
cxs1,tadSyncid0id5.xml,false,37
cxs1,tadSyncid5id2.xml,false,36
cxs1,tmi11.xml,false,38
smiTemplateid4,tadSyncid0id0.xml,false,47
smiTemplateid4,tadSyncid3id0.xml,false,62
smiTemplateid4,tmi4.xml,false,53
smiTemplateid4,tadSyncid0id3.xml,false,39
smiTemplateid4,tadSyncid0id4.xml,false,36
smiTemplateid4,tadSyncid3id2.xml,false,35
smiTemplateid4,tadSyncid5id0.xml,false,36
smiTemplateid4,tadSyncid3id1.xml,false,37
smiTemplateid4,tadSyncid1id4.xml,false,36
smiTemplateid4,tadSyncid2id3.xml,false,36
smiTemplateid4,tadSyncid5id3.xml,false,39
smiTemplateid4,tmi13.xml,true,35
smiTemplateid4,tadSyncid5id1.xml,false,36
smiTemplateid4,tmi6.xml,false,37
smiTemplateid4,tadSyncid5id5.xml,false,35
smiTemplateid4,ccn1.xml,false,34
smiTemplateid4,cxs2.xml,false,37
smiTemplateid4,tadSyncid2id1.xml,false,37
smiTemplateid4,tadSyncid4id4.xml,false,41
smiTemplateid4,tmi2.xml,false,37
smiTemplateid4,tadSyncid1id0.xml,false,35
smiTemplateid4,tadSyncid0id2.xml,false,43
smiTemplateid4,tadSyncid4id3.xml,false,36
smiTemplateid4,tadSyncid1id5.xml,false,37
smiTemplateid4,tadSyncid2id0.xml,false,40
smiTemplateid4,tmi12.xml,false,38
smiTemplateid4,smiTemplateid1.xml,false,41
smiTemplateid4,tmi10.xml,false,44
smiTemplateid4,tadSyncid3id3.xml,false,38
smiTemplateid4,tadSyncid0id5.xml,false,37
smiTemplateid4,tadSyncid5id2.xml,false,38
smiTemplateid4,tmi11.xml,false,36
tadSyncid0id0,tadSyncid3id0.xml,false,36
tadSyncid0id0,tmi4.xml,false,36
tadSyncid0id0,tadSyncid0id3.xml,false,37
tadSyncid0id0,tadSyncid0id4.xml,false,36
tadSyncid0id0,tadSyncid3id2.xml,false,36
tadSyncid0id0,tadSyncid5id0.xml,false,35
tadSyncid0id0,tadSyncid3id1.xml,false,34
tadSyncid0id0,tadSyncid1id4.xml,false,45
tadSyncid0id0,tadSyncid2id3.xml,false,40
tadSyncid0id0,tadSyncid5id3.xml,false,37
tadSyncid0id0,tmi13.xml,false,37
tadSyncid0id0,tadSyncid5id1.xml,false,37
tadSyncid0id0,tmi6.xml,false,39
tadSyncid0id0,tadSyncid5id5.xml,false,38
tadSyncid0id0,ccn1.xml,false,40
tadSyncid0id0,cxs2.xml,false,37
tadSyncid0id0,tadSyncid2id1.xml,false,36
tadSyncid0id0,tadSyncid4id4.xml,false,38
tadSyncid0id0,tmi2.xml,false,35
tadSyncid0id0,tadSyncid1id0.xml,false,39
tadSyncid0id0,tadSyncid0id2.xml,false,41
tadSyncid0id0,tadSyncid4id3.xml,false,43
tadSyncid0id0,tadSyncid1id5.xml,false,39
tadSyncid0id0,tadSyncid2id0.xml,false,38
tadSyncid0id0,tmi12.xml,false,42
tadSyncid0id0,smiTemplateid1.xml,false,42
tadSyncid0id0,tmi10.xml,false,37
tadSyncid0id0,tadSyncid3id3.xml,false,42
tadSyncid0id0,tadSyncid0id5.xml,false,41
tadSyncid0id0,tadSyncid5id2.xml,false,43
tadSyncid0id0,tmi11.xml,false,38
tadSyncid3id0,tmi4.xml,false,36
tadSyncid3id0,tadSyncid0id3.xml,false,39
tadSyncid3id0,tadSyncid0id4.xml,false,35
tadSyncid3id0,tadSyncid3id2.xml,false,39
tadSyncid3id0,tadSyncid5id0.xml,false,37
tadSyncid3id0,tadSyncid3id1.xml,false,39
tadSyncid3id0,tadSyncid1id4.xml,false,37
tadSyncid3id0,tadSyncid2id3.xml,false,36
tadSyncid3id0,tadSyncid5id3.xml,false,36
tadSyncid3id0,tmi13.xml,false,34
tadSyncid3id0,tadSyncid5id1.xml,false,35
tadSyncid3id0,tmi6.xml,false,33
tadSyncid3id0,tadSyncid5id5.xml,false,35
tadSyncid3id0,ccn1.xml,false,47
tadSyncid3id0,cxs2.xml,false,37
tadSyncid3id0,tadSyncid2id1.xml,false,40
tadSyncid3id0,tadSyncid4id4.xml,false,35
tadSyncid3id0,tmi2.xml,false,35
tadSyncid3id0,tadSyncid1id0.xml,false,52
tadSyncid3id0,tadSyncid0id2.xml,false,47
tadSyncid3id0,tadSyncid4id3.xml,false,50
tadSyncid3id0,tadSyncid1id5.xml,false,45
tadSyncid3id0,tadSyncid2id0.xml,false,40
tadSyncid3id0,tmi12.xml,false,43
tadSyncid3id0,smiTemplateid1.xml,false,45
tadSyncid3id0,tmi10.xml,false,39
tadSyncid3id0,tadSyncid3id3.xml,false,35
tadSyncid3id0,tadSyncid0id5.xml,false,56
tadSyncid3id0,tadSyncid5id2.xml,false,58
tadSyncid3id0,tmi11.xml,false,49
tmi4,tadSyncid0id3.xml,false,43
tmi4,tadSyncid0id4.xml,false,44
tmi4,tadSyncid3id2.xml,false,57
tmi4,tadSyncid5id0.xml,false,66
tmi4,tadSyncid3id1.xml,false,60
tmi4,tadSyncid1id4.xml,false,49
tmi4,tadSyncid2id3.xml,false,62
tmi4,tadSyncid5id3.xml,false,58
tmi4,tmi13.xml,false,45
tmi4,tadSyncid5id1.xml,false,55
tmi4,tmi6.xml,false,54
tmi4,tadSyncid5id5.xml,false,62
tmi4,ccn1.xml,false,63
tmi4,cxs2.xml,false,58
tmi4,tadSyncid2id1.xml,false,57
tmi4,tadSyncid4id4.xml,false,48
tmi4,tmi2.xml,false,52
tmi4,tadSyncid1id0.xml,false,61
tmi4,tadSyncid0id2.xml,false,50
tmi4,tadSyncid4id3.xml,false,60
tmi4,tadSyncid1id5.xml,false,62
tmi4,tadSyncid2id0.xml,false,60
tmi4,tmi12.xml,false,46
tmi4,smiTemplateid1.xml,true,52
tmi4,tmi10.xml,false,50
tmi4,tadSyncid3id3.xml,false,56
tmi4,tadSyncid0id5.xml,false,59
tmi4,tadSyncid5id2.xml,false,67
tmi4,tmi11.xml,false,53
tadSyncid0id3,tadSyncid0id4.xml,false,58
tadSyncid0id3,tadSyncid3id2.xml,false,56
tadSyncid0id3,tadSyncid5id0.xml,false,64
tadSyncid0id3,tadSyncid3id1.xml,false,60
tadSyncid0id3,tadSyncid1id4.xml,false,56
tadSyncid0id3,tadSyncid2id3.xml,false,54
tadSyncid0id3,tadSyncid5id3.xml,false,61
tadSyncid0id3,tmi13.xml,false,56
tadSyncid0id3,tadSyncid5id1.xml,false,57
tadSyncid0id3,tmi6.xml,false,48
tadSyncid0id3,tadSyncid5id5.xml,false,56
tadSyncid0id3,ccn1.xml,false,58
tadSyncid0id3,cxs2.xml,false,53
tadSyncid0id3,tadSyncid2id1.xml,false,57
tadSyncid0id3,tadSyncid4id4.xml,false,50
tadSyncid0id3,tmi2.xml,false,57
tadSyncid0id3,tadSyncid1id0.xml,false,63
tadSyncid0id3,tadSyncid0id2.xml,false,59
tadSyncid0id3,tadSyncid4id3.xml,false,68
tadSyncid0id3,tadSyncid1id5.xml,false,65
tadSyncid0id3,tadSyncid2id0.xml,false,57
tadSyncid0id3,tmi12.xml,false,48
tadSyncid0id3,smiTemplateid1.xml,false,61
tadSyncid0id3,tmi10.xml,false,70
tadSyncid0id3,tadSyncid3id3.xml,false,55
tadSyncid0id3,tadSyncid0id5.xml,false,60
tadSyncid0id3,tadSyncid5id2.xml,false,56
tadSyncid0id3,tmi11.xml,false,66
tadSyncid0id4,tadSyncid3id2.xml,false,52
tadSyncid0id4,tadSyncid5id0.xml,false,53
tadSyncid0id4,tadSyncid3id1.xml,false,59
tadSyncid0id4,tadSyncid1id4.xml,false,53
tadSyncid0id4,tadSyncid2id3.xml,false,48
tadSyncid0id4,tadSyncid5id3.xml,false,51
tadSyncid0id4,tmi13.xml,false,50
tadSyncid0id4,tadSyncid5id1.xml,false,55
tadSyncid0id4,tmi6.xml,false,58
tadSyncid0id4,tadSyncid5id5.xml,false,57
tadSyncid0id4,ccn1.xml,false,53
tadSyncid0id4,cxs2.xml,false,50
tadSyncid0id4,tadSyncid2id1.xml,false,64
tadSyncid0id4,tadSyncid4id4.xml,false,59
tadSyncid0id4,tmi2.xml,false,57
tadSyncid0id4,tadSyncid1id0.xml,false,52
tadSyncid0id4,tadSyncid0id2.xml,false,54
tadSyncid0id4,tadSyncid4id3.xml,false,51
tadSyncid0id4,tadSyncid1id5.xml,false,53
tadSyncid0id4,tadSyncid2id0.xml,false,57
tadSyncid0id4,tmi12.xml,false,62
tadSyncid0id4,smiTemplateid1.xml,false,56
tadSyncid0id4,tmi10.xml,false,53
tadSyncid0id4,tadSyncid3id3.xml,false,45
tadSyncid0id4,tadSyncid0id5.xml,false,50
tadSyncid0id4,tadSyncid5id2.xml,false,69
tadSyncid0id4,tmi11.xml,false,69
tadSyncid3id2,tadSyncid5id0.xml,false,53
tadSyncid3id2,tadSyncid3id1.xml,false,53
tadSyncid3id2,tadSyncid1id4.xml,false,55
tadSyncid3id2,tadSyncid2id3.xml,false,55
tadSyncid3id2,tadSyncid5id3.xml,false,64
tadSyncid3id2,tmi13.xml,false,44
tadSyncid3id2,tadSyncid5id1.xml,false,61
tadSyncid3id2,tmi6.xml,false,63
tadSyncid3id2,tadSyncid5id5.xml,false,50
tadSyncid3id2,ccn1.xml,false,54
tadSyncid3id2,cxs2.xml,false,51
tadSyncid3id2,tadSyncid2id1.xml,false,54
tadSyncid3id2,tadSyncid4id4.xml,false,63
tadSyncid3id2,tmi2.xml,false,53
tadSyncid3id2,tadSyncid1id0.xml,false,60
tadSyncid3id2,tadSyncid0id2.xml,false,56
tadSyncid3id2,tadSyncid4id3.xml,false,55
tadSyncid3id2,tadSyncid1id5.xml,false,50
tadSyncid3id2,tadSyncid2id0.xml,false,58
tadSyncid3id2,tmi12.xml,false,55
tadSyncid3id2,smiTemplateid1.xml,false,51
tadSyncid3id2,tmi10.xml,false,54
tadSyncid3id2,tadSyncid3id3.xml,false,50
tadSyncid3id2,tadSyncid0id5.xml,false,51
tadSyncid3id2,tadSyncid5id2.xml,false,53
tadSyncid3id2,tmi11.xml,false,48
tadSyncid5id0,tadSyncid3id1.xml,false,79
tadSyncid5id0,tadSyncid1id4.xml,false,137
tadSyncid5id0,tadSyncid2id3.xml,false,79
tadSyncid5id0,tadSyncid5id3.xml,false,59
tadSyncid5id0,tmi13.xml,false,53
tadSyncid5id0,tadSyncid5id1.xml,false,57
tadSyncid5id0,tmi6.xml,false,66
tadSyncid5id0,tadSyncid5id5.xml,false,55
tadSyncid5id0,ccn1.xml,false,57
tadSyncid5id0,cxs2.xml,false,54
tadSyncid5id0,tadSyncid2id1.xml,false,60
tadSyncid5id0,tadSyncid4id4.xml,false,67
tadSyncid5id0,tmi2.xml,false,59
tadSyncid5id0,tadSyncid1id0.xml,false,65
tadSyncid5id0,tadSyncid0id2.xml,false,55
tadSyncid5id0,tadSyncid4id3.xml,false,62
tadSyncid5id0,tadSyncid1id5.xml,false,63
tadSyncid5id0,tadSyncid2id0.xml,false,57
tadSyncid5id0,tmi12.xml,false,68
tadSyncid5id0,smiTemplateid1.xml,false,62
tadSyncid5id0,tmi10.xml,false,55
tadSyncid5id0,tadSyncid3id3.xml,false,67
tadSyncid5id0,tadSyncid0id5.xml,false,54
tadSyncid5id0,tadSyncid5id2.xml,false,63
tadSyncid5id0,tmi11.xml,false,49
tadSyncid3id1,tadSyncid1id4.xml,false,48
tadSyncid3id1,tadSyncid2id3.xml,false,58
tadSyncid3id1,tadSyncid5id3.xml,false,54
tadSyncid3id1,tmi13.xml,false,58
tadSyncid3id1,tadSyncid5id1.xml,false,54
tadSyncid3id1,tmi6.xml,false,47
tadSyncid3id1,tadSyncid5id5.xml,false,61
tadSyncid3id1,ccn1.xml,false,61
tadSyncid3id1,cxs2.xml,false,61
tadSyncid3id1,tadSyncid2id1.xml,false,54
tadSyncid3id1,tadSyncid4id4.xml,false,50
tadSyncid3id1,tmi2.xml,false,56
tadSyncid3id1,tadSyncid1id0.xml,false,52
tadSyncid3id1,tadSyncid0id2.xml,false,54
tadSyncid3id1,tadSyncid4id3.xml,false,52
tadSyncid3id1,tadSyncid1id5.xml,false,57
tadSyncid3id1,tadSyncid2id0.xml,false,56
tadSyncid3id1,tmi12.xml,false,53
tadSyncid3id1,smiTemplateid1.xml,false,60
tadSyncid3id1,tmi10.xml,false,60
tadSyncid3id1,tadSyncid3id3.xml,false,62
tadSyncid3id1,tadSyncid0id5.xml,false,50
tadSyncid3id1,tadSyncid5id2.xml,false,54
tadSyncid3id1,tmi11.xml,false,52
tadSyncid1id4,tadSyncid2id3.xml,false,56
tadSyncid1id4,tadSyncid5id3.xml,false,53
tadSyncid1id4,tmi13.xml,false,50
tadSyncid1id4,tadSyncid5id1.xml,false,62
tadSyncid1id4,tmi6.xml,false,51
tadSyncid1id4,tadSyncid5id5.xml,false,55
tadSyncid1id4,ccn1.xml,false,59
tadSyncid1id4,cxs2.xml,false,61
tadSyncid1id4,tadSyncid2id1.xml,false,61
tadSyncid1id4,tadSyncid4id4.xml,false,53
tadSyncid1id4,tmi2.xml,false,58
tadSyncid1id4,tadSyncid1id0.xml,false,51
tadSyncid1id4,tadSyncid0id2.xml,false,51
tadSyncid1id4,tadSyncid4id3.xml,false,50
tadSyncid1id4,tadSyncid1id5.xml,false,96
tadSyncid1id4,tadSyncid2id0.xml,false,76
tadSyncid1id4,tmi12.xml,false,56
tadSyncid1id4,smiTemplateid1.xml,false,52
tadSyncid1id4,tmi10.xml,false,58
tadSyncid1id4,tadSyncid3id3.xml,false,71
tadSyncid1id4,tadSyncid0id5.xml,false,49
tadSyncid1id4,tadSyncid5id2.xml,false,55
tadSyncid1id4,tmi11.xml,false,53
tadSyncid2id3,tadSyncid5id3.xml,false,59
tadSyncid2id3,tmi13.xml,false,62
tadSyncid2id3,tadSyncid5id1.xml,false,55
tadSyncid2id3,tmi6.xml,false,52
tadSyncid2id3,tadSyncid5id5.xml,false,50
tadSyncid2id3,ccn1.xml,false,60
tadSyncid2id3,cxs2.xml,false,64
tadSyncid2id3,tadSyncid2id1.xml,false,54
tadSyncid2id3,tadSyncid4id4.xml,false,62
tadSyncid2id3,tmi2.xml,false,62
tadSyncid2id3,tadSyncid1id0.xml,false,65
tadSyncid2id3,tadSyncid0id2.xml,false,51
tadSyncid2id3,tadSyncid4id3.xml,false,54
tadSyncid2id3,tadSyncid1id5.xml,false,52
tadSyncid2id3,tadSyncid2id0.xml,false,61
tadSyncid2id3,tmi12.xml,false,58
tadSyncid2id3,smiTemplateid1.xml,false,56
tadSyncid2id3,tmi10.xml,false,50
tadSyncid2id3,tadSyncid3id3.xml,false,53
tadSyncid2id3,tadSyncid0id5.xml,false,52
tadSyncid2id3,tadSyncid5id2.xml,false,51
tadSyncid2id3,tmi11.xml,false,51
tadSyncid5id3,tmi13.xml,false,55
tadSyncid5id3,tadSyncid5id1.xml,false,63
tadSyncid5id3,tmi6.xml,false,53
tadSyncid5id3,tadSyncid5id5.xml,false,57
tadSyncid5id3,ccn1.xml,false,52
tadSyncid5id3,cxs2.xml,false,48
tadSyncid5id3,tadSyncid2id1.xml,false,56
tadSyncid5id3,tadSyncid4id4.xml,false,52
tadSyncid5id3,tmi2.xml,false,56
tadSyncid5id3,tadSyncid1id0.xml,false,63
tadSyncid5id3,tadSyncid0id2.xml,false,58
tadSyncid5id3,tadSyncid4id3.xml,false,63
tadSyncid5id3,tadSyncid1id5.xml,false,49
tadSyncid5id3,tadSyncid2id0.xml,false,53
tadSyncid5id3,tmi12.xml,false,56
tadSyncid5id3,smiTemplateid1.xml,false,49
tadSyncid5id3,tmi10.xml,false,52
tadSyncid5id3,tadSyncid3id3.xml,false,46
tadSyncid5id3,tadSyncid0id5.xml,false,49
tadSyncid5id3,tadSyncid5id2.xml,false,57
tadSyncid5id3,tmi11.xml,false,50
tmi13,tadSyncid5id1.xml,false,53
tmi13,tmi6.xml,false,47
tmi13,tadSyncid5id5.xml,false,47
tmi13,ccn1.xml,false,55
tmi13,cxs2.xml,false,56
tmi13,tadSyncid2id1.xml,false,55
tmi13,tadSyncid4id4.xml,false,58
tmi13,tmi2.xml,false,47
tmi13,tadSyncid1id0.xml,false,50
tmi13,tadSyncid0id2.xml,false,46
tmi13,tadSyncid4id3.xml,false,47
tmi13,tadSyncid1id5.xml,false,51
tmi13,tadSyncid2id0.xml,false,50
tmi13,tmi12.xml,false,55
tmi13,smiTemplateid1.xml,false,45
tmi13,tmi10.xml,false,54
tmi13,tadSyncid3id3.xml,false,53
tmi13,tadSyncid0id5.xml,false,66
tmi13,tadSyncid5id2.xml,false,54
tmi13,tmi11.xml,false,55
tadSyncid5id1,tmi6.xml,false,63
tadSyncid5id1,tadSyncid5id5.xml,false,50
tadSyncid5id1,ccn1.xml,false,58
tadSyncid5id1,cxs2.xml,false,51
tadSyncid5id1,tadSyncid2id1.xml,false,54
tadSyncid5id1,tadSyncid4id4.xml,false,62
tadSyncid5id1,tmi2.xml,false,53
tadSyncid5id1,tadSyncid1id0.xml,false,59
tadSyncid5id1,tadSyncid0id2.xml,false,62
tadSyncid5id1,tadSyncid4id3.xml,false,57
tadSyncid5id1,tadSyncid1id5.xml,false,57
tadSyncid5id1,tadSyncid2id0.xml,false,53
tadSyncid5id1,tmi12.xml,false,54
tadSyncid5id1,smiTemplateid1.xml,false,59
tadSyncid5id1,tmi10.xml,false,52
tadSyncid5id1,tadSyncid3id3.xml,false,54
tadSyncid5id1,tadSyncid0id5.xml,false,53
tadSyncid5id1,tadSyncid5id2.xml,false,49
tadSyncid5id1,tmi11.xml,false,54
tmi6,tadSyncid5id5.xml,false,65
tmi6,ccn1.xml,false,62
tmi6,cxs2.xml,false,56
tmi6,tadSyncid2id1.xml,false,52
tmi6,tadSyncid4id4.xml,false,55
tmi6,tmi2.xml,false,55
tmi6,tadSyncid1id0.xml,false,58
tmi6,tadSyncid0id2.xml,false,51
tmi6,tadSyncid4id3.xml,false,59
tmi6,tadSyncid1id5.xml,false,57
tmi6,tadSyncid2id0.xml,false,48
tmi6,tmi12.xml,false,57
tmi6,smiTemplateid1.xml,false,49
tmi6,tmi10.xml,false,48
tmi6,tadSyncid3id3.xml,false,50
tmi6,tadSyncid0id5.xml,false,61
tmi6,tadSyncid5id2.xml,false,63
tmi6,tmi11.xml,false,56
tadSyncid5id5,ccn1.xml,false,57
tadSyncid5id5,cxs2.xml,false,58
tadSyncid5id5,tadSyncid2id1.xml,false,56
tadSyncid5id5,tadSyncid4id4.xml,false,58
tadSyncid5id5,tmi2.xml,false,52
tadSyncid5id5,tadSyncid1id0.xml,false,58
tadSyncid5id5,tadSyncid0id2.xml,false,57
tadSyncid5id5,tadSyncid4id3.xml,false,55
tadSyncid5id5,tadSyncid1id5.xml,false,53
tadSyncid5id5,tadSyncid2id0.xml,false,61
tadSyncid5id5,tmi12.xml,false,51
tadSyncid5id5,smiTemplateid1.xml,false,49
tadSyncid5id5,tmi10.xml,false,58
tadSyncid5id5,tadSyncid3id3.xml,false,53
tadSyncid5id5,tadSyncid0id5.xml,false,68
tadSyncid5id5,tadSyncid5id2.xml,false,57
tadSyncid5id5,tmi11.xml,false,61
ccn1,cxs2.xml,false,62
ccn1,tadSyncid2id1.xml,false,63
ccn1,tadSyncid4id4.xml,false,65
ccn1,tmi2.xml,false,53
ccn1,tadSyncid1id0.xml,false,50
ccn1,tadSyncid0id2.xml,false,68
ccn1,tadSyncid4id3.xml,false,62
ccn1,tadSyncid1id5.xml,false,49
ccn1,tadSyncid2id0.xml,false,51
ccn1,tmi12.xml,false,42
ccn1,smiTemplateid1.xml,false,36
ccn1,tmi10.xml,false,37
ccn1,tadSyncid3id3.xml,false,37
ccn1,tadSyncid0id5.xml,false,37
ccn1,tadSyncid5id2.xml,false,36
ccn1,tmi11.xml,false,38
cxs2,tadSyncid2id1.xml,false,36
cxs2,tadSyncid4id4.xml,false,37
cxs2,tmi2.xml,false,43
cxs2,tadSyncid1id0.xml,false,70
cxs2,tadSyncid0id2.xml,false,60
cxs2,tadSyncid4id3.xml,false,40
cxs2,tadSyncid1id5.xml,false,40
cxs2,tadSyncid2id0.xml,false,51
cxs2,tmi12.xml,false,55
cxs2,smiTemplateid1.xml,false,50
cxs2,tmi10.xml,false,37
cxs2,tadSyncid3id3.xml,false,36
cxs2,tadSyncid0id5.xml,false,41
cxs2,tadSyncid5id2.xml,false,53
cxs2,tmi11.xml,false,54
tadSyncid2id1,tadSyncid4id4.xml,false,50
tadSyncid2id1,tmi2.xml,false,40
tadSyncid2id1,tadSyncid1id0.xml,false,50
tadSyncid2id1,tadSyncid0id2.xml,false,40
tadSyncid2id1,tadSyncid4id3.xml,false,45
tadSyncid2id1,tadSyncid1id5.xml,false,50
tadSyncid2id1,tadSyncid2id0.xml,false,42
tadSyncid2id1,tmi12.xml,false,41
tadSyncid2id1,smiTemplateid1.xml,false,61
tadSyncid2id1,tmi10.xml,false,49
tadSyncid2id1,tadSyncid3id3.xml,false,54
tadSyncid2id1,tadSyncid0id5.xml,false,61
tadSyncid2id1,tadSyncid5id2.xml,false,41
tadSyncid2id1,tmi11.xml,false,45
tadSyncid4id4,tmi2.xml,false,42
tadSyncid4id4,tadSyncid1id0.xml,false,59
tadSyncid4id4,tadSyncid0id2.xml,false,39
tadSyncid4id4,tadSyncid4id3.xml,false,62
tadSyncid4id4,tadSyncid1id5.xml,false,61
tadSyncid4id4,tadSyncid2id0.xml,false,32
tadSyncid4id4,tmi12.xml,false,44
tadSyncid4id4,smiTemplateid1.xml,false,42
tadSyncid4id4,tmi10.xml,false,55
tadSyncid4id4,tadSyncid3id3.xml,false,55
tadSyncid4id4,tadSyncid0id5.xml,false,41
tadSyncid4id4,tadSyncid5id2.xml,false,40
tadSyncid4id4,tmi11.xml,false,23
tmi2,tadSyncid1id0.xml,false,26
tmi2,tadSyncid0id2.xml,false,36
tmi2,tadSyncid4id3.xml,false,35
tmi2,tadSyncid1id5.xml,false,37
tmi2,tadSyncid2id0.xml,false,36
tmi2,tmi12.xml,false,39
tmi2,smiTemplateid1.xml,false,37
tmi2,tmi10.xml,false,37
tmi2,tadSyncid3id3.xml,false,36
tmi2,tadSyncid0id5.xml,false,39
tmi2,tadSyncid5id2.xml,false,38
tmi2,tmi11.xml,false,36
tadSyncid1id0,tadSyncid0id2.xml,false,37
tadSyncid1id0,tadSyncid4id3.xml,false,35
tadSyncid1id0,tadSyncid1id5.xml,false,41
tadSyncid1id0,tadSyncid2id0.xml,false,36
tadSyncid1id0,tmi12.xml,false,35
tadSyncid1id0,smiTemplateid1.xml,false,36
tadSyncid1id0,tmi10.xml,false,36
tadSyncid1id0,tadSyncid3id3.xml,false,39
tadSyncid1id0,tadSyncid0id5.xml,false,42
tadSyncid1id0,tadSyncid5id2.xml,false,38
tadSyncid1id0,tmi11.xml,false,37
tadSyncid0id2,tadSyncid4id3.xml,false,40
tadSyncid0id2,tadSyncid1id5.xml,false,24
tadSyncid0id2,tadSyncid2id0.xml,false,39
tadSyncid0id2,tmi12.xml,false,41
tadSyncid0id2,smiTemplateid1.xml,false,39
tadSyncid0id2,tmi10.xml,false,38
tadSyncid0id2,tadSyncid3id3.xml,false,40
tadSyncid0id2,tadSyncid0id5.xml,false,43
tadSyncid0id2,tadSyncid5id2.xml,false,39
tadSyncid0id2,tmi11.xml,false,36
tadSyncid4id3,tadSyncid1id5.xml,false,37
tadSyncid4id3,tadSyncid2id0.xml,false,39
tadSyncid4id3,tmi12.xml,false,38
tadSyncid4id3,smiTemplateid1.xml,false,39
tadSyncid4id3,tmi10.xml,false,39
tadSyncid4id3,tadSyncid3id3.xml,false,38
tadSyncid4id3,tadSyncid0id5.xml,false,37
tadSyncid4id3,tadSyncid5id2.xml,false,41
tadSyncid4id3,tmi11.xml,false,39
tadSyncid1id5,tadSyncid2id0.xml,false,40
tadSyncid1id5,tmi12.xml,false,40
tadSyncid1id5,smiTemplateid1.xml,false,46
tadSyncid1id5,tmi10.xml,false,37
tadSyncid1id5,tadSyncid3id3.xml,false,39
tadSyncid1id5,tadSyncid0id5.xml,false,39
tadSyncid1id5,tadSyncid5id2.xml,false,41
tadSyncid1id5,tmi11.xml,false,39
tadSyncid2id0,tmi12.xml,false,33
tadSyncid2id0,smiTemplateid1.xml,false,31
tadSyncid2id0,tmi10.xml,false,30
tadSyncid2id0,tadSyncid3id3.xml,false,37
tadSyncid2id0,tadSyncid0id5.xml,false,30
tadSyncid2id0,tadSyncid5id2.xml,false,34
tadSyncid2id0,tmi11.xml,false,30
tmi12,smiTemplateid1.xml,false,31
tmi12,tmi10.xml,false,29
tmi12,tadSyncid3id3.xml,false,31
tmi12,tadSyncid0id5.xml,false,33
tmi12,tadSyncid5id2.xml,false,33
tmi12,tmi11.xml,false,33
smiTemplateid1,tmi10.xml,false,31
smiTemplateid1,tadSyncid3id3.xml,false,32
smiTemplateid1,tadSyncid0id5.xml,false,33
smiTemplateid1,tadSyncid5id2.xml,false,35
smiTemplateid1,tmi11.xml,false,31
tmi10,tadSyncid3id3.xml,false,37
tmi10,tadSyncid0id5.xml,false,36
tmi10,tadSyncid5id2.xml,false,36
tmi10,tmi11.xml,false,29
tadSyncid3id3,tadSyncid0id5.xml,false,29
tadSyncid3id3,tadSyncid5id2.xml,false,30
tadSyncid3id3,tmi11.xml,false,34
tadSyncid0id5,tadSyncid5id2.xml,false,33
tadSyncid0id5,tmi11.xml,false,31
tadSyncid5id2,tmi11.xml,false,30
