ccn1.xml,tmi9,false,232
tadSyncid0id4.xml,tmi9,false,68
tadSyncid0id2.xml,tmi9,false,63
tmi1.xml,tmi9,false,59
tadSyncid2id1.xml,tmi9,false,56
tadSyncid4id4.xml,tmi9,false,38
tadSyncid1id4.xml,tmi9,false,47
tadSyncid2id0.xml,tmi9,false,36
tmi12.xml,tmi9,false,37
tadSyncid3id0.xml,tmi9,false,37
tmi4.xml,tmi9,false,33
tadSyncid3id1.xml,tmi9,false,32
tadSyncid4id3.xml,tmi9,false,33
tmi6.xml,tmi9,false,47
tadSyncid2id4.xml,tmi9,false,33
tadSyncid5id5.xml,tmi9,false,33
tadSyncid3id2.xml,tmi9,false,30
tmi13.xml,tmi9,false,30
tadSyncid2id3.xml,tmi9,false,36
tadSyncid5id0.xml,tmi9,false,43
ccn2.xml,tmi9,false,30
cxs1.xml,tmi9,false,32
smiTemplateid4.xml,tmi9,false,30
cxs2.xml,tmi9,false,32
tadSyncid5id1.xml,tmi9,false,31
tadSyncid1id0.xml,tmi9,false,32
tadSyncid3id3.xml,tmi9,false,32
tmi2.xml,tmi9,false,31
tadSyncid0id3.xml,tmi9,false,30
tmi10.xml,tmi9,false,32
tadSyncid4id1.xml,tmi9,false,42
tadSyncid3id4.xml,tmi9,false,35
tadSyncid5id2.xml,tmi9,false,35
tadSyncid0id5.xml,tmi9,false,34
smiTemplateid1.xml,tmi9,false,40
tmi11.xml,tmi9,false,36
tadSyncid0id0.xml,tmi9,false,31
tadSyncid1id5.xml,tmi9,false,32
tadSyncid5id3.xml,tmi9,false,30
tadSyncid1id2.xml,tmi9,false,41
tadSyncid0id4.xml,ccn1,false,36
tadSyncid0id2.xml,ccn1,false,34
tmi1.xml,ccn1,false,33
tadSyncid2id1.xml,ccn1,false,36
tadSyncid4id4.xml,ccn1,false,38
tadSyncid1id4.xml,ccn1,false,35
tadSyncid2id0.xml,ccn1,false,33
tmi12.xml,ccn1,false,31
tadSyncid3id0.xml,ccn1,false,34
tmi4.xml,ccn1,false,39
tadSyncid3id1.xml,ccn1,false,34
tadSyncid4id3.xml,ccn1,false,37
tmi6.xml,ccn1,false,35
tadSyncid2id4.xml,ccn1,false,39
tadSyncid5id5.xml,ccn1,false,42
tadSyncid3id2.xml,ccn1,false,39
tmi13.xml,ccn1,false,28
tadSyncid2id3.xml,ccn1,false,34
tadSyncid5id0.xml,ccn1,false,30
ccn2.xml,ccn1,true,37
cxs1.xml,ccn1,false,32
smiTemplateid4.xml,ccn1,false,34
cxs2.xml,ccn1,false,45
tadSyncid5id1.xml,ccn1,false,34
tadSyncid1id0.xml,ccn1,false,35
tadSyncid3id3.xml,ccn1,false,38
tmi2.xml,ccn1,false,34
tadSyncid0id3.xml,ccn1,false,30
tmi10.xml,ccn1,false,36
tadSyncid4id1.xml,ccn1,false,35
tadSyncid3id4.xml,ccn1,false,32
tadSyncid5id2.xml,ccn1,false,38
tadSyncid0id5.xml,ccn1,false,37
smiTemplateid1.xml,ccn1,false,31
tmi11.xml,ccn1,false,30
tadSyncid0id0.xml,ccn1,false,30
tadSyncid1id5.xml,ccn1,false,33
tadSyncid5id3.xml,ccn1,false,34
tadSyncid1id2.xml,ccn1,false,30
tadSyncid0id2.xml,tadSyncid0id4,false,35
tmi1.xml,tadSyncid0id4,false,36
tadSyncid2id1.xml,tadSyncid0id4,false,32
tadSyncid4id4.xml,tadSyncid0id4,false,37
tadSyncid1id4.xml,tadSyncid0id4,false,32
tadSyncid2id0.xml,tadSyncid0id4,false,37
tmi12.xml,tadSyncid0id4,false,38
tadSyncid3id0.xml,tadSyncid0id4,false,35
tmi4.xml,tadSyncid0id4,false,31
tadSyncid3id1.xml,tadSyncid0id4,false,39
tadSyncid4id3.xml,tadSyncid0id4,false,36
tmi6.xml,tadSyncid0id4,false,37
tadSyncid2id4.xml,tadSyncid0id4,false,32
tadSyncid5id5.xml,tadSyncid0id4,false,32
tadSyncid3id2.xml,tadSyncid0id4,false,33
tmi13.xml,tadSyncid0id4,false,32
tadSyncid2id3.xml,tadSyncid0id4,false,40
tadSyncid5id0.xml,tadSyncid0id4,false,42
ccn2.xml,tadSyncid0id4,false,53
cxs1.xml,tadSyncid0id4,false,32
smiTemplateid4.xml,tadSyncid0id4,false,30
cxs2.xml,tadSyncid0id4,false,40
tadSyncid5id1.xml,tadSyncid0id4,false,30
tadSyncid1id0.xml,tadSyncid0id4,false,34
tadSyncid3id3.xml,tadSyncid0id4,false,40
tmi2.xml,tadSyncid0id4,false,34
tadSyncid0id3.xml,tadSyncid0id4,false,33
tmi10.xml,tadSyncid0id4,false,37
tadSyncid4id1.xml,tadSyncid0id4,false,37
tadSyncid3id4.xml,tadSyncid0id4,false,32
tadSyncid5id2.xml,tadSyncid0id4,false,38
tadSyncid0id5.xml,tadSyncid0id4,false,31
smiTemplateid1.xml,tadSyncid0id4,false,36
tmi11.xml,tadSyncid0id4,false,35
tadSyncid0id0.xml,tadSyncid0id4,false,35
tadSyncid1id5.xml,tadSyncid0id4,false,33
tadSyncid5id3.xml,tadSyncid0id4,false,32
tadSyncid1id2.xml,tadSyncid0id4,false,33
tmi1.xml,tadSyncid0id2,false,42
tadSyncid2id1.xml,tadSyncid0id2,false,39
tadSyncid4id4.xml,tadSyncid0id2,false,41
tadSyncid1id4.xml,tadSyncid0id2,false,42
tadSyncid2id0.xml,tadSyncid0id2,false,37
tmi12.xml,tadSyncid0id2,false,39
tadSyncid3id0.xml,tadSyncid0id2,false,30
tmi4.xml,tadSyncid0id2,false,34
tadSyncid3id1.xml,tadSyncid0id2,false,31
tadSyncid4id3.xml,tadSyncid0id2,false,39
tmi6.xml,tadSyncid0id2,false,34
tadSyncid2id4.xml,tadSyncid0id2,false,39
tadSyncid5id5.xml,tadSyncid0id2,false,40
tadSyncid3id2.xml,tadSyncid0id2,false,39
tmi13.xml,tadSyncid0id2,false,31
tadSyncid2id3.xml,tadSyncid0id2,false,36
tadSyncid5id0.xml,tadSyncid0id2,false,32
ccn2.xml,tadSyncid0id2,false,35
cxs1.xml,tadSyncid0id2,false,38
smiTemplateid4.xml,tadSyncid0id2,false,29
cxs2.xml,tadSyncid0id2,false,32
tadSyncid5id1.xml,tadSyncid0id2,false,34
tadSyncid1id0.xml,tadSyncid0id2,false,36
tadSyncid3id3.xml,tadSyncid0id2,false,33
tmi2.xml,tadSyncid0id2,false,32
tadSyncid0id3.xml,tadSyncid0id2,false,36
tmi10.xml,tadSyncid0id2,false,31
tadSyncid4id1.xml,tadSyncid0id2,false,41
tadSyncid3id4.xml,tadSyncid0id2,false,34
tadSyncid5id2.xml,tadSyncid0id2,false,37
tadSyncid0id5.xml,tadSyncid0id2,false,37
smiTemplateid1.xml,tadSyncid0id2,false,38
tmi11.xml,tadSyncid0id2,false,34
tadSyncid0id0.xml,tadSyncid0id2,false,36
tadSyncid1id5.xml,tadSyncid0id2,false,32
tadSyncid5id3.xml,tadSyncid0id2,false,31
tadSyncid1id2.xml,tadSyncid0id2,false,30
tadSyncid2id1.xml,tmi1,false,32
tadSyncid4id4.xml,tmi1,false,30
tadSyncid1id4.xml,tmi1,false,30
tadSyncid2id0.xml,tmi1,false,29
tmi12.xml,tmi1,false,34
tadSyncid3id0.xml,tmi1,false,30
tmi4.xml,tmi1,false,37
tadSyncid3id1.xml,tmi1,false,33
tadSyncid4id3.xml,tmi1,false,35
tmi6.xml,tmi1,false,33
tadSyncid2id4.xml,tmi1,false,29
tadSyncid5id5.xml,tmi1,false,30
tadSyncid3id2.xml,tmi1,false,38
tmi13.xml,tmi1,false,28
tadSyncid2id3.xml,tmi1,false,31
tadSyncid5id0.xml,tmi1,false,29
ccn2.xml,tmi1,false,35
cxs1.xml,tmi1,false,28
smiTemplateid4.xml,tmi1,false,30
cxs2.xml,tmi1,false,30
tadSyncid5id1.xml,tmi1,false,29
tadSyncid1id0.xml,tmi1,false,30
tadSyncid3id3.xml,tmi1,false,37
tmi2.xml,tmi1,false,34
tadSyncid0id3.xml,tmi1,false,40
tmi10.xml,tmi1,false,28
tadSyncid4id1.xml,tmi1,false,34
tadSyncid3id4.xml,tmi1,false,30
tadSyncid5id2.xml,tmi1,false,31
tadSyncid0id5.xml,tmi1,false,48
smiTemplateid1.xml,tmi1,false,44
tmi11.xml,tmi1,false,27
tadSyncid0id0.xml,tmi1,false,30
tadSyncid1id5.xml,tmi1,false,42
tadSyncid5id3.xml,tmi1,false,32
tadSyncid1id2.xml,tmi1,false,33
tadSyncid4id4.xml,tadSyncid2id1,false,33
tadSyncid1id4.xml,tadSyncid2id1,false,33
tadSyncid2id0.xml,tadSyncid2id1,false,31
tmi12.xml,tadSyncid2id1,false,37
tadSyncid3id0.xml,tadSyncid2id1,false,41
tmi4.xml,tadSyncid2id1,false,36
tadSyncid3id1.xml,tadSyncid2id1,false,30
tadSyncid4id3.xml,tadSyncid2id1,false,41
tmi6.xml,tadSyncid2id1,false,43
tadSyncid2id4.xml,tadSyncid2id1,false,47
tadSyncid5id5.xml,tadSyncid2id1,false,28
tadSyncid3id2.xml,tadSyncid2id1,false,37
tmi13.xml,tadSyncid2id1,false,34
tadSyncid2id3.xml,tadSyncid2id1,false,39
tadSyncid5id0.xml,tadSyncid2id1,false,41
ccn2.xml,tadSyncid2id1,false,35
cxs1.xml,tadSyncid2id1,false,35
smiTemplateid4.xml,tadSyncid2id1,false,45
cxs2.xml,tadSyncid2id1,false,37
tadSyncid5id1.xml,tadSyncid2id1,false,31
tadSyncid1id0.xml,tadSyncid2id1,false,36
tadSyncid3id3.xml,tadSyncid2id1,false,35
tmi2.xml,tadSyncid2id1,false,37
tadSyncid0id3.xml,tadSyncid2id1,false,32
tmi10.xml,tadSyncid2id1,false,39
tadSyncid4id1.xml,tadSyncid2id1,false,29
tadSyncid3id4.xml,tadSyncid2id1,false,32
tadSyncid5id2.xml,tadSyncid2id1,false,36
tadSyncid0id5.xml,tadSyncid2id1,false,38
smiTemplateid1.xml,tadSyncid2id1,false,32
tmi11.xml,tadSyncid2id1,false,40
tadSyncid0id0.xml,tadSyncid2id1,false,34
tadSyncid1id5.xml,tadSyncid2id1,false,36
tadSyncid5id3.xml,tadSyncid2id1,false,35
tadSyncid1id2.xml,tadSyncid2id1,false,29
tadSyncid1id4.xml,tadSyncid4id4,false,33
tadSyncid2id0.xml,tadSyncid4id4,false,38
tmi12.xml,tadSyncid4id4,false,34
tadSyncid3id0.xml,tadSyncid4id4,false,36
tmi4.xml,tadSyncid4id4,false,36
tadSyncid3id1.xml,tadSyncid4id4,false,34
tadSyncid4id3.xml,tadSyncid4id4,false,34
tmi6.xml,tadSyncid4id4,false,36
tadSyncid2id4.xml,tadSyncid4id4,false,31
tadSyncid5id5.xml,tadSyncid4id4,false,31
tadSyncid3id2.xml,tadSyncid4id4,false,30
tmi13.xml,tadSyncid4id4,false,29
tadSyncid2id3.xml,tadSyncid4id4,false,37
tadSyncid5id0.xml,tadSyncid4id4,false,32
ccn2.xml,tadSyncid4id4,false,40
cxs1.xml,tadSyncid4id4,false,35
smiTemplateid4.xml,tadSyncid4id4,false,35
cxs2.xml,tadSyncid4id4,false,34
tadSyncid5id1.xml,tadSyncid4id4,false,32
tadSyncid1id0.xml,tadSyncid4id4,false,32
tadSyncid3id3.xml,tadSyncid4id4,false,47
tmi2.xml,tadSyncid4id4,false,33
tadSyncid0id3.xml,tadSyncid4id4,false,36
tmi10.xml,tadSyncid4id4,false,36
tadSyncid4id1.xml,tadSyncid4id4,false,33
tadSyncid3id4.xml,tadSyncid4id4,false,39
tadSyncid5id2.xml,tadSyncid4id4,false,34
tadSyncid0id5.xml,tadSyncid4id4,false,38
smiTemplateid1.xml,tadSyncid4id4,false,30
tmi11.xml,tadSyncid4id4,false,31
tadSyncid0id0.xml,tadSyncid4id4,false,33
tadSyncid1id5.xml,tadSyncid4id4,false,33
tadSyncid5id3.xml,tadSyncid4id4,false,32
tadSyncid1id2.xml,tadSyncid4id4,false,32
tadSyncid2id0.xml,tadSyncid1id4,false,31
tmi12.xml,tadSyncid1id4,false,32
tadSyncid3id0.xml,tadSyncid1id4,false,33
tmi4.xml,tadSyncid1id4,false,35
tadSyncid3id1.xml,tadSyncid1id4,false,34
tadSyncid4id3.xml,tadSyncid1id4,false,33
tmi6.xml,tadSyncid1id4,false,35
tadSyncid2id4.xml,tadSyncid1id4,false,33
tadSyncid5id5.xml,tadSyncid1id4,false,38
tadSyncid3id2.xml,tadSyncid1id4,false,31
tmi13.xml,tadSyncid1id4,false,39
tadSyncid2id3.xml,tadSyncid1id4,false,38
tadSyncid5id0.xml,tadSyncid1id4,false,37
ccn2.xml,tadSyncid1id4,false,39
cxs1.xml,tadSyncid1id4,false,33
smiTemplateid4.xml,tadSyncid1id4,false,36
cxs2.xml,tadSyncid1id4,false,36
tadSyncid5id1.xml,tadSyncid1id4,false,32
tadSyncid1id0.xml,tadSyncid1id4,false,31
tadSyncid3id3.xml,tadSyncid1id4,false,46
tmi2.xml,tadSyncid1id4,false,35
tadSyncid0id3.xml,tadSyncid1id4,false,47
tmi10.xml,tadSyncid1id4,false,38
tadSyncid4id1.xml,tadSyncid1id4,false,32
tadSyncid3id4.xml,tadSyncid1id4,false,35
tadSyncid5id2.xml,tadSyncid1id4,false,42
tadSyncid0id5.xml,tadSyncid1id4,false,33
smiTemplateid1.xml,tadSyncid1id4,false,32
tmi11.xml,tadSyncid1id4,false,33
tadSyncid0id0.xml,tadSyncid1id4,false,36
tadSyncid1id5.xml,tadSyncid1id4,false,37
tadSyncid5id3.xml,tadSyncid1id4,false,41
tadSyncid1id2.xml,tadSyncid1id4,false,33
tmi12.xml,tadSyncid2id0,false,36
tadSyncid3id0.xml,tadSyncid2id0,false,41
tmi4.xml,tadSyncid2id0,false,42
tadSyncid3id1.xml,tadSyncid2id0,false,29
tadSyncid4id3.xml,tadSyncid2id0,false,44
tmi6.xml,tadSyncid2id0,false,36
tadSyncid2id4.xml,tadSyncid2id0,false,37
tadSyncid5id5.xml,tadSyncid2id0,false,36
tadSyncid3id2.xml,tadSyncid2id0,false,37
tmi13.xml,tadSyncid2id0,false,31
tadSyncid2id3.xml,tadSyncid2id0,false,34
tadSyncid5id0.xml,tadSyncid2id0,false,30
ccn2.xml,tadSyncid2id0,false,33
cxs1.xml,tadSyncid2id0,false,29
smiTemplateid4.xml,tadSyncid2id0,false,36
cxs2.xml,tadSyncid2id0,false,35
tadSyncid5id1.xml,tadSyncid2id0,false,42
tadSyncid1id0.xml,tadSyncid2id0,false,41
tadSyncid3id3.xml,tadSyncid2id0,false,39
tmi2.xml,tadSyncid2id0,false,37
tadSyncid0id3.xml,tadSyncid2id0,false,39
tmi10.xml,tadSyncid2id0,false,32
tadSyncid4id1.xml,tadSyncid2id0,false,32
tadSyncid3id4.xml,tadSyncid2id0,false,32
tadSyncid5id2.xml,tadSyncid2id0,false,36
tadSyncid0id5.xml,tadSyncid2id0,false,39
smiTemplateid1.xml,tadSyncid2id0,false,36
tmi11.xml,tadSyncid2id0,false,34
tadSyncid0id0.xml,tadSyncid2id0,false,31
tadSyncid1id5.xml,tadSyncid2id0,false,32
tadSyncid5id3.xml,tadSyncid2id0,false,35
tadSyncid1id2.xml,tadSyncid2id0,false,31
tadSyncid3id0.xml,tmi12,false,31
tmi4.xml,tmi12,false,27
tadSyncid3id1.xml,tmi12,false,31
tadSyncid4id3.xml,tmi12,false,35
tmi6.xml,tmi12,false,32
tadSyncid2id4.xml,tmi12,false,32
tadSyncid5id5.xml,tmi12,false,33
tadSyncid3id2.xml,tmi12,false,34
tmi13.xml,tmi12,false,33
tadSyncid2id3.xml,tmi12,false,31
tadSyncid5id0.xml,tmi12,false,34
ccn2.xml,tmi12,false,30
cxs1.xml,tmi12,false,35
smiTemplateid4.xml,tmi12,false,38
cxs2.xml,tmi12,false,39
tadSyncid5id1.xml,tmi12,false,37
tadSyncid1id0.xml,tmi12,false,40
tadSyncid3id3.xml,tmi12,false,33
tmi2.xml,tmi12,false,30
tadSyncid0id3.xml,tmi12,false,51
tmi10.xml,tmi12,false,42
tadSyncid4id1.xml,tmi12,false,42
tadSyncid3id4.xml,tmi12,false,34
tadSyncid5id2.xml,tmi12,false,39
tadSyncid0id5.xml,tmi12,false,33
smiTemplateid1.xml,tmi12,false,38
tmi11.xml,tmi12,false,45
tadSyncid0id0.xml,tmi12,false,32
tadSyncid1id5.xml,tmi12,false,43
tadSyncid5id3.xml,tmi12,false,35
tadSyncid1id2.xml,tmi12,false,31
tmi4.xml,tadSyncid3id0,false,52
tadSyncid3id1.xml,tadSyncid3id0,false,54
tadSyncid4id3.xml,tadSyncid3id0,false,45
tmi6.xml,tadSyncid3id0,false,44
tadSyncid2id4.xml,tadSyncid3id0,false,52
tadSyncid5id5.xml,tadSyncid3id0,false,33
tadSyncid3id2.xml,tadSyncid3id0,false,40
tmi13.xml,tadSyncid3id0,false,46
tadSyncid2id3.xml,tadSyncid3id0,false,38
tadSyncid5id0.xml,tadSyncid3id0,false,41
ccn2.xml,tadSyncid3id0,false,30
cxs1.xml,tadSyncid3id0,false,35
smiTemplateid4.xml,tadSyncid3id0,false,35
cxs2.xml,tadSyncid3id0,false,47
tadSyncid5id1.xml,tadSyncid3id0,false,32
tadSyncid1id0.xml,tadSyncid3id0,false,37
tadSyncid3id3.xml,tadSyncid3id0,false,33
tmi2.xml,tadSyncid3id0,false,45
tadSyncid0id3.xml,tadSyncid3id0,false,46
tmi10.xml,tadSyncid3id0,false,41
tadSyncid4id1.xml,tadSyncid3id0,false,37
tadSyncid3id4.xml,tadSyncid3id0,false,55
tadSyncid5id2.xml,tadSyncid3id0,false,35
tadSyncid0id5.xml,tadSyncid3id0,false,48
smiTemplateid1.xml,tadSyncid3id0,false,36
tmi11.xml,tadSyncid3id0,false,43
tadSyncid0id0.xml,tadSyncid3id0,false,32
tadSyncid1id5.xml,tadSyncid3id0,false,36
tadSyncid5id3.xml,tadSyncid3id0,false,42
tadSyncid1id2.xml,tadSyncid3id0,false,40
tadSyncid3id1.xml,tmi4,false,32
tadSyncid4id3.xml,tmi4,false,32
tmi6.xml,tmi4,false,41
tadSyncid2id4.xml,tmi4,false,37
tadSyncid5id5.xml,tmi4,false,31
tadSyncid3id2.xml,tmi4,false,35
tmi13.xml,tmi4,false,33
tadSyncid2id3.xml,tmi4,false,35
tadSyncid5id0.xml,tmi4,false,39
ccn2.xml,tmi4,false,37
cxs1.xml,tmi4,false,39
smiTemplateid4.xml,tmi4,false,29
cxs2.xml,tmi4,false,45
tadSyncid5id1.xml,tmi4,false,42
tadSyncid1id0.xml,tmi4,false,45
tadSyncid3id3.xml,tmi4,false,39
tmi2.xml,tmi4,false,44
tadSyncid0id3.xml,tmi4,false,53
tmi10.xml,tmi4,false,51
tadSyncid4id1.xml,tmi4,false,45
tadSyncid3id4.xml,tmi4,false,41
tadSyncid5id2.xml,tmi4,false,51
tadSyncid0id5.xml,tmi4,false,45
smiTemplateid1.xml,tmi4,true,42
tmi11.xml,tmi4,false,36
tadSyncid0id0.xml,tmi4,false,35
tadSyncid1id5.xml,tmi4,false,34
tadSyncid5id3.xml,tmi4,false,47
tadSyncid1id2.xml,tmi4,false,54
tadSyncid4id3.xml,tadSyncid3id1,false,32
tmi6.xml,tadSyncid3id1,false,41
tadSyncid2id4.xml,tadSyncid3id1,false,30
tadSyncid5id5.xml,tadSyncid3id1,false,37
tadSyncid3id2.xml,tadSyncid3id1,false,34
tmi13.xml,tadSyncid3id1,false,39
tadSyncid2id3.xml,tadSyncid3id1,false,46
tadSyncid5id0.xml,tadSyncid3id1,false,38
ccn2.xml,tadSyncid3id1,false,45
cxs1.xml,tadSyncid3id1,false,37
smiTemplateid4.xml,tadSyncid3id1,false,32
cxs2.xml,tadSyncid3id1,false,38
tadSyncid5id1.xml,tadSyncid3id1,false,40
tadSyncid1id0.xml,tadSyncid3id1,false,39
tadSyncid3id3.xml,tadSyncid3id1,false,36
tmi2.xml,tadSyncid3id1,false,33
tadSyncid0id3.xml,tadSyncid3id1,false,46
tmi10.xml,tadSyncid3id1,false,40
tadSyncid4id1.xml,tadSyncid3id1,false,44
tadSyncid3id4.xml,tadSyncid3id1,false,33
tadSyncid5id2.xml,tadSyncid3id1,false,40
tadSyncid0id5.xml,tadSyncid3id1,false,31
smiTemplateid1.xml,tadSyncid3id1,false,44
tmi11.xml,tadSyncid3id1,false,36
tadSyncid0id0.xml,tadSyncid3id1,false,32
tadSyncid1id5.xml,tadSyncid3id1,false,32
tadSyncid5id3.xml,tadSyncid3id1,false,42
tadSyncid1id2.xml,tadSyncid3id1,false,39
tmi6.xml,tadSyncid4id3,false,39
tadSyncid2id4.xml,tadSyncid4id3,false,38
tadSyncid5id5.xml,tadSyncid4id3,false,38
tadSyncid3id2.xml,tadSyncid4id3,false,34
tmi13.xml,tadSyncid4id3,false,36
tadSyncid2id3.xml,tadSyncid4id3,false,39
tadSyncid5id0.xml,tadSyncid4id3,false,32
ccn2.xml,tadSyncid4id3,false,39
cxs1.xml,tadSyncid4id3,false,46
smiTemplateid4.xml,tadSyncid4id3,false,31
cxs2.xml,tadSyncid4id3,false,32
tadSyncid5id1.xml,tadSyncid4id3,false,39
tadSyncid1id0.xml,tadSyncid4id3,false,38
tadSyncid3id3.xml,tadSyncid4id3,false,39
tmi2.xml,tadSyncid4id3,false,30
tadSyncid0id3.xml,tadSyncid4id3,false,48
tmi10.xml,tadSyncid4id3,false,39
tadSyncid4id1.xml,tadSyncid4id3,false,42
tadSyncid3id4.xml,tadSyncid4id3,false,41
tadSyncid5id2.xml,tadSyncid4id3,false,37
tadSyncid0id5.xml,tadSyncid4id3,false,39
smiTemplateid1.xml,tadSyncid4id3,false,38
tmi11.xml,tadSyncid4id3,false,36
tadSyncid0id0.xml,tadSyncid4id3,false,30
tadSyncid1id5.xml,tadSyncid4id3,false,46
tadSyncid5id3.xml,tadSyncid4id3,false,37
tadSyncid1id2.xml,tadSyncid4id3,false,42
tadSyncid2id4.xml,tmi6,false,34
tadSyncid5id5.xml,tmi6,false,49
tadSyncid3id2.xml,tmi6,false,37
tmi13.xml,tmi6,false,35
tadSyncid2id3.xml,tmi6,false,45
tadSyncid5id0.xml,tmi6,false,32
ccn2.xml,tmi6,false,32
cxs1.xml,tmi6,false,41
smiTemplateid4.xml,tmi6,false,39
cxs2.xml,tmi6,false,48
tadSyncid5id1.xml,tmi6,false,32
tadSyncid1id0.xml,tmi6,false,39
tadSyncid3id3.xml,tmi6,false,41
tmi2.xml,tmi6,false,47
tadSyncid0id3.xml,tmi6,false,34
tmi10.xml,tmi6,false,38
tadSyncid4id1.xml,tmi6,false,41
tadSyncid3id4.xml,tmi6,false,34
tadSyncid5id2.xml,tmi6,false,37
tadSyncid0id5.xml,tmi6,false,35
smiTemplateid1.xml,tmi6,false,31
tmi11.xml,tmi6,false,35
tadSyncid0id0.xml,tmi6,false,43
tadSyncid1id5.xml,tmi6,false,31
tadSyncid5id3.xml,tmi6,false,41
tadSyncid1id2.xml,tmi6,false,36
tadSyncid5id5.xml,tadSyncid2id4,false,31
tadSyncid3id2.xml,tadSyncid2id4,false,48
tmi13.xml,tadSyncid2id4,false,39
tadSyncid2id3.xml,tadSyncid2id4,false,46
tadSyncid5id0.xml,tadSyncid2id4,false,37
ccn2.xml,tadSyncid2id4,false,39
cxs1.xml,tadSyncid2id4,false,41
smiTemplateid4.xml,tadSyncid2id4,false,39
cxs2.xml,tadSyncid2id4,false,54
tadSyncid5id1.xml,tadSyncid2id4,false,37
tadSyncid1id0.xml,tadSyncid2id4,false,36
tadSyncid3id3.xml,tadSyncid2id4,false,36
tmi2.xml,tadSyncid2id4,false,47
tadSyncid0id3.xml,tadSyncid2id4,false,39
tmi10.xml,tadSyncid2id4,false,45
tadSyncid4id1.xml,tadSyncid2id4,false,47
tadSyncid3id4.xml,tadSyncid2id4,false,41
tadSyncid5id2.xml,tadSyncid2id4,false,54
tadSyncid0id5.xml,tadSyncid2id4,false,32
smiTemplateid1.xml,tadSyncid2id4,false,31
tmi11.xml,tadSyncid2id4,false,32
tadSyncid0id0.xml,tadSyncid2id4,false,45
tadSyncid1id5.xml,tadSyncid2id4,false,48
tadSyncid5id3.xml,tadSyncid2id4,false,48
tadSyncid1id2.xml,tadSyncid2id4,false,39
tadSyncid3id2.xml,tadSyncid5id5,false,31
tmi13.xml,tadSyncid5id5,false,30
tadSyncid2id3.xml,tadSyncid5id5,false,32
tadSyncid5id0.xml,tadSyncid5id5,false,32
ccn2.xml,tadSyncid5id5,false,31
cxs1.xml,tadSyncid5id5,false,34
smiTemplateid4.xml,tadSyncid5id5,false,38
cxs2.xml,tadSyncid5id5,false,41
tadSyncid5id1.xml,tadSyncid5id5,false,39
tadSyncid1id0.xml,tadSyncid5id5,false,42
tadSyncid3id3.xml,tadSyncid5id5,false,50
tmi2.xml,tadSyncid5id5,false,29
tadSyncid0id3.xml,tadSyncid5id5,false,36
tmi10.xml,tadSyncid5id5,false,32
tadSyncid4id1.xml,tadSyncid5id5,false,39
tadSyncid3id4.xml,tadSyncid5id5,false,33
tadSyncid5id2.xml,tadSyncid5id5,false,38
tadSyncid0id5.xml,tadSyncid5id5,false,43
smiTemplateid1.xml,tadSyncid5id5,false,43
tmi11.xml,tadSyncid5id5,false,33
tadSyncid0id0.xml,tadSyncid5id5,false,49
tadSyncid1id5.xml,tadSyncid5id5,false,45
tadSyncid5id3.xml,tadSyncid5id5,false,48
tadSyncid1id2.xml,tadSyncid5id5,false,46
tmi13.xml,tadSyncid3id2,false,48
tadSyncid2id3.xml,tadSyncid3id2,false,33
tadSyncid5id0.xml,tadSyncid3id2,false,31
ccn2.xml,tadSyncid3id2,false,38
cxs1.xml,tadSyncid3id2,false,45
smiTemplateid4.xml,tadSyncid3id2,false,38
cxs2.xml,tadSyncid3id2,false,42
tadSyncid5id1.xml,tadSyncid3id2,false,40
tadSyncid1id0.xml,tadSyncid3id2,false,35
tadSyncid3id3.xml,tadSyncid3id2,false,46
tmi2.xml,tadSyncid3id2,false,40
tadSyncid0id3.xml,tadSyncid3id2,false,48
tmi10.xml,tadSyncid3id2,false,46
tadSyncid4id1.xml,tadSyncid3id2,false,34
tadSyncid3id4.xml,tadSyncid3id2,false,35
tadSyncid5id2.xml,tadSyncid3id2,false,44
tadSyncid0id5.xml,tadSyncid3id2,false,42
smiTemplateid1.xml,tadSyncid3id2,false,49
tmi11.xml,tadSyncid3id2,false,46
tadSyncid0id0.xml,tadSyncid3id2,false,52
tadSyncid1id5.xml,tadSyncid3id2,false,54
tadSyncid5id3.xml,tadSyncid3id2,false,36
tadSyncid1id2.xml,tadSyncid3id2,false,44
tadSyncid2id3.xml,tmi13,false,44
tadSyncid5id0.xml,tmi13,false,34
ccn2.xml,tmi13,false,35
cxs1.xml,tmi13,false,34
smiTemplateid4.xml,tmi13,true,42
cxs2.xml,tmi13,false,46
tadSyncid5id1.xml,tmi13,false,35
tadSyncid1id0.xml,tmi13,false,34
tadSyncid3id3.xml,tmi13,false,44
tmi2.xml,tmi13,false,44
tadSyncid0id3.xml,tmi13,false,50
tmi10.xml,tmi13,false,37
tadSyncid4id1.xml,tmi13,false,43
tadSyncid3id4.xml,tmi13,false,43
tadSyncid5id2.xml,tmi13,false,42
tadSyncid0id5.xml,tmi13,false,47
smiTemplateid1.xml,tmi13,false,49
tmi11.xml,tmi13,false,46
tadSyncid0id0.xml,tmi13,false,41
tadSyncid1id5.xml,tmi13,false,45
tadSyncid5id3.xml,tmi13,false,49
tadSyncid1id2.xml,tmi13,false,47
tadSyncid5id0.xml,tadSyncid2id3,false,44
ccn2.xml,tadSyncid2id3,false,50
cxs1.xml,tadSyncid2id3,false,52
smiTemplateid4.xml,tadSyncid2id3,false,49
cxs2.xml,tadSyncid2id3,false,51
tadSyncid5id1.xml,tadSyncid2id3,false,42
tadSyncid1id0.xml,tadSyncid2id3,false,44
tadSyncid3id3.xml,tadSyncid2id3,false,50
tmi2.xml,tadSyncid2id3,false,32
tadSyncid0id3.xml,tadSyncid2id3,false,43
tmi10.xml,tadSyncid2id3,false,36
tadSyncid4id1.xml,tadSyncid2id3,false,42
tadSyncid3id4.xml,tadSyncid2id3,false,43
tadSyncid5id2.xml,tadSyncid2id3,false,37
tadSyncid0id5.xml,tadSyncid2id3,false,43
smiTemplateid1.xml,tadSyncid2id3,false,36
tmi11.xml,tadSyncid2id3,false,50
tadSyncid0id0.xml,tadSyncid2id3,false,36
tadSyncid1id5.xml,tadSyncid2id3,false,41
tadSyncid5id3.xml,tadSyncid2id3,false,36
tadSyncid1id2.xml,tadSyncid2id3,false,40
ccn2.xml,tadSyncid5id0,false,33
cxs1.xml,tadSyncid5id0,false,31
smiTemplateid4.xml,tadSyncid5id0,false,35
cxs2.xml,tadSyncid5id0,false,35
tadSyncid5id1.xml,tadSyncid5id0,false,31
tadSyncid1id0.xml,tadSyncid5id0,false,43
tadSyncid3id3.xml,tadSyncid5id0,false,36
tmi2.xml,tadSyncid5id0,false,36
tadSyncid0id3.xml,tadSyncid5id0,false,40
tmi10.xml,tadSyncid5id0,false,43
tadSyncid4id1.xml,tadSyncid5id0,false,43
tadSyncid3id4.xml,tadSyncid5id0,false,41
tadSyncid5id2.xml,tadSyncid5id0,false,42
tadSyncid0id5.xml,tadSyncid5id0,false,37
smiTemplateid1.xml,tadSyncid5id0,false,50
tmi11.xml,tadSyncid5id0,false,43
tadSyncid0id0.xml,tadSyncid5id0,false,44
tadSyncid1id5.xml,tadSyncid5id0,false,38
tadSyncid5id3.xml,tadSyncid5id0,false,50
tadSyncid1id2.xml,tadSyncid5id0,false,35
cxs1.xml,ccn2,false,38
smiTemplateid4.xml,ccn2,false,37
cxs2.xml,ccn2,false,36
tadSyncid5id1.xml,ccn2,false,33
tadSyncid1id0.xml,ccn2,false,40
tadSyncid3id3.xml,ccn2,false,48
tmi2.xml,ccn2,false,35
tadSyncid0id3.xml,ccn2,false,41
tmi10.xml,ccn2,false,46
tadSyncid4id1.xml,ccn2,false,45
tadSyncid3id4.xml,ccn2,false,50
tadSyncid5id2.xml,ccn2,false,48
tadSyncid0id5.xml,ccn2,false,49
smiTemplateid1.xml,ccn2,false,53
tmi11.xml,ccn2,false,46
tadSyncid0id0.xml,ccn2,false,35
tadSyncid1id5.xml,ccn2,false,39
tadSyncid5id3.xml,ccn2,false,46
tadSyncid1id2.xml,ccn2,false,39
smiTemplateid4.xml,cxs1,false,44
cxs2.xml,cxs1,true,52
tadSyncid5id1.xml,cxs1,false,38
tadSyncid1id0.xml,cxs1,false,43
tadSyncid3id3.xml,cxs1,false,51
tmi2.xml,cxs1,false,41
tadSyncid0id3.xml,cxs1,false,44
tmi10.xml,cxs1,false,34
tadSyncid4id1.xml,cxs1,false,41
tadSyncid3id4.xml,cxs1,false,48
tadSyncid5id2.xml,cxs1,false,48
tadSyncid0id5.xml,cxs1,false,36
smiTemplateid1.xml,cxs1,false,43
tmi11.xml,cxs1,false,36
tadSyncid0id0.xml,cxs1,false,39
tadSyncid1id5.xml,cxs1,false,39
tadSyncid5id3.xml,cxs1,false,43
tadSyncid1id2.xml,cxs1,false,53
cxs2.xml,smiTemplateid4,false,45
tadSyncid5id1.xml,smiTemplateid4,false,46
tadSyncid1id0.xml,smiTemplateid4,false,49
tadSyncid3id3.xml,smiTemplateid4,false,44
tmi2.xml,smiTemplateid4,false,39
tadSyncid0id3.xml,smiTemplateid4,false,39
tmi10.xml,smiTemplateid4,false,42
tadSyncid4id1.xml,smiTemplateid4,false,44
tadSyncid3id4.xml,smiTemplateid4,false,45
tadSyncid5id2.xml,smiTemplateid4,false,45
tadSyncid0id5.xml,smiTemplateid4,false,42
smiTemplateid1.xml,smiTemplateid4,false,43
tmi11.xml,smiTemplateid4,false,48
tadSyncid0id0.xml,smiTemplateid4,false,40
tadSyncid1id5.xml,smiTemplateid4,false,41
tadSyncid5id3.xml,smiTemplateid4,false,41
tadSyncid1id2.xml,smiTemplateid4,false,39
tadSyncid5id1.xml,cxs2,false,39
tadSyncid1id0.xml,cxs2,false,32
tadSyncid3id3.xml,cxs2,false,40
tmi2.xml,cxs2,false,46
tadSyncid0id3.xml,cxs2,false,39
tmi10.xml,cxs2,false,44
tadSyncid4id1.xml,cxs2,false,39
tadSyncid3id4.xml,cxs2,false,39
tadSyncid5id2.xml,cxs2,false,37
tadSyncid0id5.xml,cxs2,false,40
smiTemplateid1.xml,cxs2,false,46
tmi11.xml,cxs2,false,37
tadSyncid0id0.xml,cxs2,false,44
tadSyncid1id5.xml,cxs2,false,48
tadSyncid5id3.xml,cxs2,false,45
tadSyncid1id2.xml,cxs2,false,46
tadSyncid1id0.xml,tadSyncid5id1,false,46
tadSyncid3id3.xml,tadSyncid5id1,false,40
tmi2.xml,tadSyncid5id1,false,43
tadSyncid0id3.xml,tadSyncid5id1,false,46
tmi10.xml,tadSyncid5id1,false,46
tadSyncid4id1.xml,tadSyncid5id1,false,38
tadSyncid3id4.xml,tadSyncid5id1,false,44
tadSyncid5id2.xml,tadSyncid5id1,false,40
tadSyncid0id5.xml,tadSyncid5id1,false,35
smiTemplateid1.xml,tadSyncid5id1,false,51
tmi11.xml,tadSyncid5id1,false,43
tadSyncid0id0.xml,tadSyncid5id1,false,36
tadSyncid1id5.xml,tadSyncid5id1,false,42
tadSyncid5id3.xml,tadSyncid5id1,false,51
tadSyncid1id2.xml,tadSyncid5id1,false,49
tadSyncid3id3.xml,tadSyncid1id0,false,43
tmi2.xml,tadSyncid1id0,false,36
tadSyncid0id3.xml,tadSyncid1id0,false,33
tmi10.xml,tadSyncid1id0,false,42
tadSyncid4id1.xml,tadSyncid1id0,false,50
tadSyncid3id4.xml,tadSyncid1id0,false,39
tadSyncid5id2.xml,tadSyncid1id0,false,40
tadSyncid0id5.xml,tadSyncid1id0,false,43
smiTemplateid1.xml,tadSyncid1id0,false,43
tmi11.xml,tadSyncid1id0,false,37
tadSyncid0id0.xml,tadSyncid1id0,false,42
tadSyncid1id5.xml,tadSyncid1id0,false,48
tadSyncid5id3.xml,tadSyncid1id0,false,47
tadSyncid1id2.xml,tadSyncid1id0,false,43
tmi2.xml,tadSyncid3id3,false,48
tadSyncid0id3.xml,tadSyncid3id3,false,44
tmi10.xml,tadSyncid3id3,false,42
tadSyncid4id1.xml,tadSyncid3id3,false,46
tadSyncid3id4.xml,tadSyncid3id3,false,40
tadSyncid5id2.xml,tadSyncid3id3,false,41
tadSyncid0id5.xml,tadSyncid3id3,false,46
smiTemplateid1.xml,tadSyncid3id3,false,34
tmi11.xml,tadSyncid3id3,false,41
tadSyncid0id0.xml,tadSyncid3id3,false,37
tadSyncid1id5.xml,tadSyncid3id3,false,54
tadSyncid5id3.xml,tadSyncid3id3,false,42
tadSyncid1id2.xml,tadSyncid3id3,false,34
tadSyncid0id3.xml,tmi2,false,40
tmi10.xml,tmi2,false,34
tadSyncid4id1.xml,tmi2,false,41
tadSyncid3id4.xml,tmi2,false,52
tadSyncid5id2.xml,tmi2,false,37
tadSyncid0id5.xml,tmi2,false,50
smiTemplateid1.xml,tmi2,false,47
tmi11.xml,tmi2,false,44
tadSyncid0id0.xml,tmi2,false,55
tadSyncid1id5.xml,tmi2,false,51
tadSyncid5id3.xml,tmi2,false,38
tadSyncid1id2.xml,tmi2,false,46
tmi10.xml,tadSyncid0id3,false,40
tadSyncid4id1.xml,tadSyncid0id3,false,52
tadSyncid3id4.xml,tadSyncid0id3,false,37
tadSyncid5id2.xml,tadSyncid0id3,false,45
tadSyncid0id5.xml,tadSyncid0id3,false,45
smiTemplateid1.xml,tadSyncid0id3,false,51
tmi11.xml,tadSyncid0id3,false,32
tadSyncid0id0.xml,tadSyncid0id3,false,34
tadSyncid1id5.xml,tadSyncid0id3,false,35
tadSyncid5id3.xml,tadSyncid0id3,false,37
tadSyncid1id2.xml,tadSyncid0id3,false,43
tadSyncid4id1.xml,tmi10,false,37
tadSyncid3id4.xml,tmi10,false,35
tadSyncid5id2.xml,tmi10,false,42
tadSyncid0id5.xml,tmi10,false,38
smiTemplateid1.xml,tmi10,false,38
tmi11.xml,tmi10,false,34
tadSyncid0id0.xml,tmi10,false,32
tadSyncid1id5.xml,tmi10,false,31
tadSyncid5id3.xml,tmi10,false,29
tadSyncid1id2.xml,tmi10,false,36
tadSyncid3id4.xml,tadSyncid4id1,false,41
tadSyncid5id2.xml,tadSyncid4id1,false,43
tadSyncid0id5.xml,tadSyncid4id1,false,45
smiTemplateid1.xml,tadSyncid4id1,false,36
tmi11.xml,tadSyncid4id1,false,39
tadSyncid0id0.xml,tadSyncid4id1,false,36
tadSyncid1id5.xml,tadSyncid4id1,false,40
tadSyncid5id3.xml,tadSyncid4id1,false,42
tadSyncid1id2.xml,tadSyncid4id1,false,34
tadSyncid5id2.xml,tadSyncid3id4,false,32
tadSyncid0id5.xml,tadSyncid3id4,false,34
smiTemplateid1.xml,tadSyncid3id4,false,43
tmi11.xml,tadSyncid3id4,false,50
tadSyncid0id0.xml,tadSyncid3id4,false,42
tadSyncid1id5.xml,tadSyncid3id4,false,30
tadSyncid5id3.xml,tadSyncid3id4,false,34
tadSyncid1id2.xml,tadSyncid3id4,false,42
tadSyncid0id5.xml,tadSyncid5id2,false,48
smiTemplateid1.xml,tadSyncid5id2,false,44
tmi11.xml,tadSyncid5id2,false,38
tadSyncid0id0.xml,tadSyncid5id2,false,35
tadSyncid1id5.xml,tadSyncid5id2,false,37
tadSyncid5id3.xml,tadSyncid5id2,false,43
tadSyncid1id2.xml,tadSyncid5id2,false,38
smiTemplateid1.xml,tadSyncid0id5,false,43
tmi11.xml,tadSyncid0id5,false,38
tadSyncid0id0.xml,tadSyncid0id5,false,33
tadSyncid1id5.xml,tadSyncid0id5,false,37
tadSyncid5id3.xml,tadSyncid0id5,false,36
tadSyncid1id2.xml,tadSyncid0id5,false,38
tmi11.xml,smiTemplateid1,false,38
tadSyncid0id0.xml,smiTemplateid1,false,43
tadSyncid1id5.xml,smiTemplateid1,false,40
tadSyncid5id3.xml,smiTemplateid1,false,34
tadSyncid1id2.xml,smiTemplateid1,false,35
tadSyncid0id0.xml,tmi11,false,31
tadSyncid1id5.xml,tmi11,false,37
tadSyncid5id3.xml,tmi11,false,42
tadSyncid1id2.xml,tmi11,false,36
tadSyncid1id5.xml,tadSyncid0id0,false,48
tadSyncid5id3.xml,tadSyncid0id0,false,43
tadSyncid1id2.xml,tadSyncid0id0,false,52
tadSyncid5id3.xml,tadSyncid1id5,false,38
tadSyncid1id2.xml,tadSyncid1id5,false,43
tadSyncid1id2.xml,tadSyncid5id3,false,35
