MaskVarChannel_openAction_Door.xml,Tram.xml,true,2023-05-21T14:42:08.089,2023-05-21T14:42:08.592,503
urgChan_endOpenAction.xml,Tram.xml,true,2023-05-21T14:42:08.089,2023-05-21T14:42:08.585,496
delOutput_closeAction_1.xml,Tram.xml,true,2023-05-21T14:42:08.085,2023-05-21T14:42:08.647,562
commLoc_18.xml,Tram.xml,true,2023-05-21T14:42:08.089,2023-05-21T14:42:08.649,560
urgChan_closeAction.xml,Tram.xml,true,2023-05-21T14:42:08.089,2023-05-21T14:42:08.683,594
parSeq_closeAction15.xml,Tram.xml,true,2023-05-21T14:42:08.089,2023-05-21T14:42:09.128,1039
urgChan_requestBridge.xml,Tram.xml,true,2023-05-21T14:42:08.089,2023-05-21T14:42:09.154,1065
delSync_endOpenAction1.xml,Tram.xml,false,2023-05-21T14:42:08.089,2023-05-21T14:42:09.167,1078
MaskVarChannel_retractAction_Bridge.xml,Tram.xml,true,2023-05-21T14:42:08.089,2023-05-21T14:42:09.188,1099
commLoc_1.xml,Tram.xml,true,2023-05-21T14:42:08.089,2023-05-21T14:42:09.284,1195
commLoc_26.xml,Tram.xml,true,2023-05-21T14:42:08.089,2023-05-21T14:42:09.591,1502
commLoc_3.xml,Tram.xml,true,2023-05-21T14:42:08.089,2023-05-21T14:42:09.593,1504
parSeq_closeAction16.xml,Tram.xml,true,2023-05-21T14:42:08.089,2023-05-21T14:42:09.618,1529
MaskVarChannel_endCloseAction_Bridge.xml,Tram.xml,true,2023-05-21T14:42:08.089,2023-05-21T14:42:09.647,1558
delOutput_endDeployAction_1.xml,Tram.xml,true,2023-05-21T14:42:08.089,2023-05-21T14:42:09.734,1645
parSeq_endDeployAction1.xml,Tram.xml,false,2023-05-21T14:42:08.089,2023-05-21T14:42:10.068,1979
broadChan_requestBridge.xml,Tram.xml,true,2023-05-21T14:42:08.089,2023-05-21T14:42:10.081,1992
parSeq_endRetractAction4.xml,Tram.xml,false,2023-05-21T14:42:08.089,2023-05-21T14:42:10.084,1995
urgLoc_18.xml,Tram.xml,true,2023-05-21T14:42:08.089,2023-05-21T14:42:10.102,2013
commLoc_21.xml,Tram.xml,true,2023-05-21T14:42:08.089,2023-05-21T14:42:10.179,2090
urgChan_endCloseAction.xml,Tram.xml,true,2023-05-21T14:42:08.089,2023-05-21T14:42:10.507,2418
commLoc_28.xml,Tram.xml,true,2023-05-21T14:42:08.090,2023-05-21T14:42:10.524,2434
urgLoc_1.xml,Tram.xml,true,2023-05-21T14:42:08.089,2023-05-21T14:42:10.538,2449
delSync_closeAction4.xml,Tram.xml,true,2023-05-21T14:42:08.089,2023-05-21T14:42:10.551,2462
delOutput_closeAction_0.xml,Tram.xml,true,2023-05-21T14:42:08.090,2023-05-21T14:42:10.653,2563
parSeq_endDeployAction0.xml,Tram.xml,false,2023-05-21T14:42:08.090,2023-05-21T14:42:10.946,2856
parSeq_openAction9.xml,Tram.xml,true,2023-05-21T14:42:08.090,2023-05-21T14:42:10.993,2903
delSync_endDeployAction1.xml,Tram.xml,false,2023-05-21T14:42:08.090,2023-05-21T14:42:10.994,2904
commLoc_14.xml,Tram.xml,true,2023-05-21T14:42:08.090,2023-05-21T14:42:11.005,2915
commLoc_7.xml,Tram.xml,true,2023-05-21T14:42:08.090,2023-05-21T14:42:11.099,3009
delOutput_endRetractAction_0.xml,Tram.xml,true,2023-05-21T14:42:08.090,2023-05-21T14:42:11.401,3311
MaskVarChannel_requestDoor_Controller.xml,Tram.xml,true,2023-05-21T14:42:08.090,2023-05-21T14:42:11.425,3335
delSync_closeAction2.xml,Tram.xml,true,2023-05-21T14:42:08.090,2023-05-21T14:42:11.444,3354
urgChan_requestDoor.xml,Tram.xml,true,2023-05-21T14:42:08.090,2023-05-21T14:42:11.470,3380
urgLoc_2.xml,Tram.xml,true,2023-05-21T14:42:08.090,2023-05-21T14:42:11.553,3463
delOutput_endCloseAction_1.xml,Tram.xml,true,2023-05-21T14:42:08.090,2023-05-21T14:42:11.885,3795
MaskVarChannel_endDeployAction_Bridge.xml,Tram.xml,true,2023-05-21T14:42:08.090,2023-05-21T14:42:11.897,3807
commLoc_16.xml,Tram.xml,true,2023-05-21T14:42:08.090,2023-05-21T14:42:11.914,3824
urgLoc_19.xml,Tram.xml,true,2023-05-21T14:42:08.090,2023-05-21T14:42:11.941,3851
MaskVarChannel_openAction_Bridge.xml,Tram.xml,true,2023-05-21T14:42:08.090,2023-05-21T14:42:12.042,3952
parSeq_endOpenAction11.xml,Tram.xml,false,2023-05-21T14:42:08.090,2023-05-21T14:42:12.330,4240
urgLoc_13.xml,Tram.xml,true,2023-05-21T14:42:08.090,2023-05-21T14:42:12.334,4244
MaskVarChannel_closeAction_Bridge.xml,Tram.xml,true,2023-05-21T14:42:08.090,2023-05-21T14:42:12.353,4263
commLoc_8.xml,Tram.xml,true,2023-05-21T14:42:08.090,2023-05-21T14:42:12.389,4299
urgLoc_4.xml,Tram.xml,true,2023-05-21T14:42:08.090,2023-05-21T14:42:12.476,4386
delSync_closeAction1.xml,Tram.xml,true,2023-05-21T14:42:08.090,2023-05-21T14:42:12.751,4661
delOutput_openAction_1.xml,Tram.xml,true,2023-05-21T14:42:08.090,2023-05-21T14:42:12.764,4674
delOutput_endCloseAction_0.xml,Tram.xml,true,2023-05-21T14:42:08.090,2023-05-21T14:42:12.772,4682
delSync_openAction3.xml,Tram.xml,true,2023-05-21T14:42:08.090,2023-05-21T14:42:12.887,4797
urgChan_openAction.xml,Tram.xml,true,2023-05-21T14:42:08.090,2023-05-21T14:42:12.942,4852
delSync_endCloseAction3.xml,Tram.xml,true,2023-05-21T14:42:08.090,2023-05-21T14:42:13.157,5067
commLoc_6.xml,Tram.xml,true,2023-05-21T14:42:08.090,2023-05-21T14:42:13.229,5139
MaskVarChannel_endOpenAction_Controller.xml,Tram.xml,true,2023-05-21T14:42:08.090,2023-05-21T14:42:13.230,5140
parSeq_openAction5.xml,Tram.xml,true,2023-05-21T14:42:08.090,2023-05-21T14:42:13.351,5261
delSync_closeAction6.xml,Tram.xml,true,2023-05-21T14:42:08.090,2023-05-21T14:42:13.362,5272
commLoc_12.xml,Tram.xml,true,2023-05-21T14:42:08.090,2023-05-21T14:42:13.642,5552
commLoc_13.xml,Tram.xml,true,2023-05-21T14:42:08.090,2023-05-21T14:42:13.646,5556
delOutput_endDeployAction_0.xml,Tram.xml,true,2023-05-21T14:42:08.090,2023-05-21T14:42:13.674,5584
commLoc_0.xml,Tram.xml,true,2023-05-21T14:42:08.090,2023-05-21T14:42:13.782,5692
urgLoc_7.xml,Tram.xml,true,2023-05-21T14:42:08.090,2023-05-21T14:42:13.810,5720
urgLoc_12.xml,Tram.xml,true,2023-05-21T14:42:08.090,2023-05-21T14:42:14.067,5977
commLoc_17.xml,Tram.xml,true,2023-05-21T14:42:08.090,2023-05-21T14:42:14.112,6022
urgLoc_0.xml,Tram.xml,true,2023-05-21T14:42:08.090,2023-05-21T14:42:14.129,6039
delOutput_retractAction_0.xml,Tram.xml,true,2023-05-21T14:42:08.090,2023-05-21T14:42:14.250,6160
commLoc_22.xml,Tram.xml,true,2023-05-21T14:42:08.090,2023-05-21T14:42:14.261,6171
urgLoc_17.xml,Tram.xml,true,2023-05-21T14:42:08.090,2023-05-21T14:42:14.511,6421
delSync_openAction2.xml,Tram.xml,true,2023-05-21T14:42:08.090,2023-05-21T14:42:14.512,6422
urgLoc_26.xml,Tram.xml,true,2023-05-21T14:42:08.090,2023-05-21T14:42:14.535,6445
urgChan_deployAction.xml,Tram.xml,true,2023-05-21T14:42:08.090,2023-05-21T14:42:14.694,6604
MaskVarChannel_endCloseAction_Door.xml,Tram.xml,true,2023-05-21T14:42:08.090,2023-05-21T14:42:14.722,6632
parSeq_endCloseAction20.xml,Tram.xml,true,2023-05-21T14:42:08.090,2023-05-21T14:42:14.974,6884
parSeq_openAction10.xml,Tram.xml,true,2023-05-21T14:42:08.090,2023-05-21T14:42:14.987,6897
delSync_closeAction5.xml,Tram.xml,true,2023-05-21T14:42:08.090,2023-05-21T14:42:14.996,6906
urgLoc_22.xml,Tram.xml,true,2023-05-21T14:42:08.090,2023-05-21T14:42:15.137,7047
parSeq_closeAction17.xml,Tram.xml,true,2023-05-21T14:42:08.090,2023-05-21T14:42:15.175,7085
commLoc_20.xml,Tram.xml,true,2023-05-21T14:42:08.090,2023-05-21T14:42:15.466,7376
delSync_openAction4.xml,Tram.xml,true,2023-05-21T14:42:08.090,2023-05-21T14:42:15.474,7384
commLoc_4.xml,Tram.xml,true,2023-05-21T14:42:08.090,2023-05-21T14:42:15.474,7384
MaskVarChannel_deployAction_Bridge.xml,Tram.xml,true,2023-05-21T14:42:08.090,2023-05-21T14:42:15.612,7522
parSeq_retractAction2.xml,Tram.xml,true,2023-05-21T14:42:08.090,2023-05-21T14:42:15.618,7528
commLoc_9.xml,Tram.xml,true,2023-05-21T14:42:08.090,2023-05-21T14:42:15.927,7837
delSync_endRetractAction1.xml,Tram.xml,false,2023-05-21T14:42:08.090,2023-05-21T14:42:15.946,7856
urgLoc_27.xml,Tram.xml,true,2023-05-21T14:42:08.090,2023-05-21T14:42:15.998,7908
commLoc_25.xml,Tram.xml,true,2023-05-21T14:42:08.090,2023-05-21T14:42:16.089,7999
urgLoc_6.xml,Tram.xml,true,2023-05-21T14:42:08.090,2023-05-21T14:42:16.108,8018
delSync_endCloseAction1.xml,Tram.xml,false,2023-05-21T14:42:08.090,2023-05-21T14:42:16.533,8443
commLoc_2.xml,Tram.xml,true,2023-05-21T14:42:08.090,2023-05-21T14:42:16.558,8468
Tram.xml,Tram.xml,true,2023-05-21T14:42:08.090,2023-05-21T14:42:16.621,8531
commLoc_27.xml,Tram.xml,true,2023-05-21T14:42:08.090,2023-05-21T14:42:16.830,8740
urgLoc_3.xml,Tram.xml,true,2023-05-21T14:42:08.090,2023-05-21T14:42:16.853,8763
delOutput_openAction_2.xml,Tram.xml,true,2023-05-21T14:42:08.090,2023-05-21T14:42:17.347,9257
urgLoc_8.xml,Tram.xml,true,2023-05-21T14:42:08.090,2023-05-21T14:42:17.419,9329
delSync_retractAction1.xml,Tram.xml,true,2023-05-21T14:42:08.090,2023-05-21T14:42:17.455,9365
urgLoc_9.xml,Tram.xml,true,2023-05-21T14:42:08.090,2023-05-21T14:42:17.629,9539
delSync_retractAction2.xml,Tram.xml,true,2023-05-21T14:42:08.090,2023-05-21T14:42:17.705,9615
parSeq_closeAction13.xml,Tram.xml,true,2023-05-21T14:42:08.090,2023-05-21T14:42:18.148,10058
urgChan_endRetractAction.xml,Tram.xml,true,2023-05-21T14:42:08.090,2023-05-21T14:42:18.327,10237
commLoc_15.xml,Tram.xml,true,2023-05-21T14:42:08.090,2023-05-21T14:42:18.350,10260
MaskVarChannel_endOpenAction_Door.xml,Tram.xml,true,2023-05-21T14:42:08.090,2023-05-21T14:42:18.485,10395
urgLoc_25.xml,Tram.xml,true,2023-05-21T14:42:08.090,2023-05-21T14:42:18.493,10403
MaskVarChannel_requestBridge_Controller.xml,Tram.xml,true,2023-05-21T14:42:08.090,2023-05-21T14:42:19.045,10955
delSync_endCloseAction2.xml,Tram.xml,true,2023-05-21T14:42:08.090,2023-05-21T14:42:19.146,11056
parSeq_endCloseAction21.xml,Tram.xml,true,2023-05-21T14:42:08.090,2023-05-21T14:42:19.170,11080
delSync_closeAction3.xml,Tram.xml,true,2023-05-21T14:42:08.090,2023-05-21T14:42:19.328,11238
delOutput_endOpenAction_0.xml,Tram.xml,true,2023-05-21T14:42:08.090,2023-05-21T14:42:19.356,11266
urgLoc_24.xml,Tram.xml,true,2023-05-21T14:42:08.090,2023-05-21T14:42:19.891,11801
parSeq_openAction8.xml,Tram.xml,true,2023-05-21T14:42:08.090,2023-05-21T14:42:19.964,11874
delSync_openAction1.xml,Tram.xml,true,2023-05-21T14:42:08.090,2023-05-21T14:42:19.988,11898
delSync_openAction5.xml,Tram.xml,true,2023-05-21T14:42:08.090,2023-05-21T14:42:20.076,11986
urgLoc_20.xml,Tram.xml,true,2023-05-21T14:42:08.090,2023-05-21T14:42:20.168,12078
MaskVarChannel_closeAction_Door.xml,Tram.xml,true,2023-05-21T14:42:08.090,2023-05-21T14:42:20.651,12561
MaskVarChannel_endRetractAction_Controller.xml,Tram.xml,true,2023-05-21T14:42:08.090,2023-05-21T14:42:20.758,12668
delOutput_deployAction_1.xml,Tram.xml,true,2023-05-21T14:42:08.090,2023-05-21T14:42:20.876,12786
commLoc_24.xml,Tram.xml,true,2023-05-21T14:42:08.090,2023-05-21T14:42:20.879,12789
urgLoc_23.xml,Tram.xml,true,2023-05-21T14:42:08.090,2023-05-21T14:42:21.003,12913
commLoc_10.xml,Tram.xml,true,2023-05-21T14:42:08.090,2023-05-21T14:42:21.501,13411
MaskVarChannel_closeAction_Controller.xml,Tram.xml,true,2023-05-21T14:42:08.090,2023-05-21T14:42:21.639,13549
urgChan_retractAction.xml,Tram.xml,true,2023-05-21T14:42:08.090,2023-05-21T14:42:21.682,13592
urgLoc_10.xml,Tram.xml,true,2023-05-21T14:42:08.091,2023-05-21T14:42:21.700,13609
urgLoc_29.xml,Tram.xml,true,2023-05-21T14:42:08.091,2023-05-21T14:42:21.800,13709
parSeq_endOpenAction12.xml,Tram.xml,false,2023-05-21T14:42:08.091,2023-05-21T14:42:22.374,14283
MaskVarChannel_endRetractAction_Bridge.xml,Tram.xml,true,2023-05-21T14:42:08.091,2023-05-21T14:42:22.455,14364
commLoc_29.xml,Tram.xml,true,2023-05-21T14:42:08.091,2023-05-21T14:42:22.473,14382
MaskVarChannel_endDeployAction_Controller.xml,Tram.xml,true,2023-05-21T14:42:08.091,2023-05-21T14:42:22.516,14425
MaskVarChannel_endCloseAction_Controller.xml,Tram.xml,true,2023-05-21T14:42:08.091,2023-05-21T14:42:22.616,14525
delSync_endOpenAction2.xml,Tram.xml,false,2023-05-21T14:42:08.091,2023-05-21T14:42:23.209,15118
commLoc_19.xml,Tram.xml,true,2023-05-21T14:42:08.091,2023-05-21T14:42:23.250,15159
commLoc_5.xml,Tram.xml,true,2023-05-21T14:42:08.091,2023-05-21T14:42:23.313,15222
MaskVarChannel_retractAction_Controller.xml,Tram.xml,true,2023-05-21T14:42:08.091,2023-05-21T14:42:23.328,15237
delOutput_retractAction_1.xml,Tram.xml,true,2023-05-21T14:42:08.091,2023-05-21T14:42:23.428,15337
urgLoc_15.xml,Tram.xml,true,2023-05-21T14:42:08.091,2023-05-21T14:42:24.047,15956
urgLoc_16.xml,Tram.xml,true,2023-05-21T14:42:08.091,2023-05-21T14:42:24.060,15969
parSeq_endCloseAction19.xml,Tram.xml,false,2023-05-21T14:42:08.091,2023-05-21T14:42:24.159,16068
urgLoc_14.xml,Tram.xml,true,2023-05-21T14:42:08.091,2023-05-21T14:42:24.205,16114
MaskVarChannel_openAction_Controller.xml,Tram.xml,true,2023-05-21T14:42:08.091,2023-05-21T14:42:24.232,16141
urgChan_tau.xml,Tram.xml,true,2023-05-21T14:42:08.091,2023-05-21T14:42:24.860,16769
delOutput_openAction_0.xml,Tram.xml,true,2023-05-21T14:42:08.091,2023-05-21T14:42:24.867,16776
delOutput_endOpenAction_1.xml,Tram.xml,true,2023-05-21T14:42:08.091,2023-05-21T14:42:24.976,16885
urgLoc_21.xml,Tram.xml,true,2023-05-21T14:42:08.091,2023-05-21T14:42:24.983,16892
urgChan_endDeployAction.xml,Tram.xml,true,2023-05-21T14:42:08.091,2023-05-21T14:42:25.069,16978
parSeq_closeAction18.xml,Tram.xml,true,2023-05-21T14:42:08.091,2023-05-21T14:42:25.646,17555
delSync_openAction6.xml,Tram.xml,true,2023-05-21T14:42:08.091,2023-05-21T14:42:25.674,17583
commLoc_23.xml,Tram.xml,true,2023-05-21T14:42:08.091,2023-05-21T14:42:25.811,17720
broadChan_requestDoor.xml,Tram.xml,true,2023-05-21T14:42:08.091,2023-05-21T14:42:25.820,17729
urgLoc_5.xml,Tram.xml,true,2023-05-21T14:42:08.091,2023-05-21T14:42:25.887,17796
urgLoc_28.xml,Tram.xml,true,2023-05-21T14:42:08.091,2023-05-21T14:42:26.394,18303
parSeq_retractAction3.xml,Tram.xml,true,2023-05-21T14:42:08.091,2023-05-21T14:42:26.553,18462
delOutput_deployAction_0.xml,Tram.xml,true,2023-05-21T14:42:08.091,2023-05-21T14:42:26.598,18507
urgLoc_11.xml,Tram.xml,true,2023-05-21T14:42:08.091,2023-05-21T14:42:26.632,18541
parSeq_openAction6.xml,Tram.xml,true,2023-05-21T14:42:08.091,2023-05-21T14:42:26.641,18550
parSeq_openAction7.xml,Tram.xml,true,2023-05-21T14:42:08.091,2023-05-21T14:42:27.204,19113
delOutput_endCloseAction_2.xml,Tram.xml,true,2023-05-21T14:42:08.091,2023-05-21T14:42:27.333,19242
parSeq_closeAction14.xml,Tram.xml,true,2023-05-21T14:42:08.091,2023-05-21T14:42:27.366,19275
commLoc_11.xml,Tram.xml,true,2023-05-21T14:42:08.091,2023-05-21T14:42:27.395,19304
delSync_endDeployAction2.xml,Tram.xml,false,2023-05-21T14:42:08.091,2023-05-21T14:42:27.406,19315
