delSync_Task_Scheduler_run.xml,delSync_Task_Scheduler_stop.xml,false,2023-09-29T20:04:16.570,2023-09-29T20:04:16.646,76
delSync_Task_Scheduler_stop.xml,delSync_Scheduler_Task_done.xml,false,2023-09-29T20:04:16.580,2023-09-29T20:04:16.670,90
delSync_Task_Scheduler_stop.xml,delSync_Task_Scheduler_done.xml,false,2023-09-29T20:04:16.579,2023-09-29T20:04:16.658,79
delSync_Task_Scheduler_run.xml,delSync_Task_Scheduler_done.xml,false,2023-09-29T20:04:16.578,2023-09-29T20:04:16.635,57
delSync_Task_Scheduler_run.xml,delSync_Scheduler_Task_done.xml,false,2023-09-29T20:04:16.579,2023-09-29T20:04:16.644,65
delSync_Task_Scheduler_run.xml,delSync_Scheduler_Task_stop.xml,false,2023-09-29T20:04:16.582,2023-09-29T20:04:16.683,101
delSync_Task_Scheduler_stop.xml,delSync_Scheduler_Task_stop.xml,false,2023-09-29T20:04:16.582,2023-09-29T20:04:16.696,114
delSync_Task_Scheduler_run.xml,delSync_Scheduler_Task_run.xml,false,2023-09-29T20:04:16.583,2023-09-29T20:04:16.740,157
delSync_Task_Scheduler_stop.xml,delSync_Scheduler_Task_run.xml,false,2023-09-29T20:04:16.583,2023-09-29T20:04:16.745,162
delSync_Scheduler_Task_done.xml,delSync_Scheduler_Task_stop.xml,timeout,2023-09-29T20:04:16.582,2023-09-29T22:24:16.584,8400002
delSync_Task_Scheduler_done.xml,delSync_Scheduler_Task_stop.xml,timeout,2023-09-29T20:04:16.582,2023-09-29T22:24:16.584,8400002
delSync_Task_Scheduler_done.xml,delSync_Scheduler_Task_done.xml,timeout,2023-09-29T20:04:16.582,2023-09-29T22:24:16.584,8400002
delSync_Task_Scheduler_done.xml,delSync_Task_Scheduler_ready.xml,timeout,2023-09-29T20:04:16.584,2023-09-29T22:24:16.585,8400001
delSync_Task_Scheduler_stop.xml,delSync_Task_Scheduler_ready.xml,timeout,2023-09-29T20:04:16.583,2023-09-29T22:24:16.585,8400002
delSync_Task_Scheduler_run.xml,delSync_Task_Scheduler_ready.xml,timeout,2023-09-29T20:04:16.583,2023-09-29T22:24:16.585,8400002
delSync_Scheduler_Task_stop.xml,delSync_Scheduler_Task_run.xml,timeout,2023-09-29T20:04:16.583,2023-09-29T22:24:16.585,8400002
delSync_Task_Scheduler_done.xml,delSync_Scheduler_Task_run.xml,timeout,2023-09-29T20:04:16.583,2023-09-29T22:24:16.584,8400001
delSync_Scheduler_Task_done.xml,delSync_Scheduler_Task_run.xml,timeout,2023-09-29T20:04:16.583,2023-09-29T22:24:16.584,8400001
delSync_Scheduler_Task_stop.xml,delSync_Task_Scheduler_ready.xml,timeout,2023-09-29T20:04:16.584,2023-09-29T22:24:16.586,8400002
delSync_Scheduler_Task_done.xml,delSync_Task_Scheduler_ready.xml,timeout,2023-09-29T20:04:16.584,2023-09-29T22:24:16.585,8400001
delSync_Task_Scheduler_run.xml,delSync_Scheduler_Task_ready.xml,timeout,2023-09-29T20:04:16.587,2023-09-29T22:24:16.588,8400001
delSync_Scheduler_Task_run.xml,delSync_Task_Scheduler_ready.xml,timeout,2023-09-29T20:04:16.584,2023-09-29T22:24:16.588,8400004
delSync_Scheduler_Task_run.xml,delSync_Scheduler_Task_ready.xml,timeout,2023-09-29T20:04:16.588,2023-09-29T22:24:16.589,8400001
delSync_Scheduler_Task_stop.xml,delSync_Scheduler_Task_ready.xml,timeout,2023-09-29T20:04:16.588,2023-09-29T22:24:16.589,8400001
delSync_Task_Scheduler_done.xml,delSync_Scheduler_Task_ready.xml,timeout,2023-09-29T20:04:16.587,2023-09-29T22:24:16.588,8400001
delSync_Scheduler_Task_done.xml,delSync_Scheduler_Task_ready.xml,timeout,2023-09-29T20:04:16.588,2023-09-29T22:24:16.588,8400000
delSync_Task_Scheduler_stop.xml,delSync_Scheduler_Task_ready.xml,timeout,2023-09-29T20:04:16.587,2023-09-29T22:24:16.588,8400001
delSync_Task_Scheduler_ready.xml,delSync_Scheduler_Task_ready.xml,timeout,2023-09-29T20:04:16.588,2023-09-29T22:24:16.589,8400001
delSync_Task_Scheduler_run.xml,delSync_Scheduler_Task_ready.xml,false,2023-09-30T16:44:59.575,2023-09-30T16:44:59.627,52
delSync_Task_Scheduler_run.xml,delSync_Task_Scheduler_ready.xml,false,2023-09-30T16:44:59.562,2023-09-30T16:44:59.638,76
delSync_Task_Scheduler_run.xml,delSync_Task_Scheduler_stop.xml,false,2023-09-30T16:44:59.575,2023-09-30T16:44:59.627,52
delSync_Task_Scheduler_ready.xml,delSync_Scheduler_Task_ready.xml,false,2023-09-30T16:44:59.575,2023-09-30T16:44:59.640,65
delSync_Task_Scheduler_ready.xml,delSync_Task_Scheduler_stop.xml,false,2023-09-30T16:44:59.575,2023-09-30T16:44:59.641,66
delSync_Task_Scheduler_run.xml,delSync_Scheduler_Task_run.xml,false,2023-09-30T16:44:59.575,2023-09-30T16:44:59.648,73
delSync_Task_Scheduler_stop.xml,delSync_Scheduler_Task_ready.xml,false,2023-09-30T16:44:59.575,2023-09-30T16:44:59.651,76
delSync_Task_Scheduler_ready.xml,delSync_Scheduler_Task_run.xml,false,2023-09-30T16:44:59.576,2023-09-30T16:44:59.659,83
delSync_Scheduler_Task_ready.xml,delSync_Scheduler_Task_run.xml,false,2023-09-30T16:44:59.576,2023-09-30T16:44:59.674,98
delSync_Task_Scheduler_stop.xml,delSync_Scheduler_Task_run.xml,false,2023-09-30T16:44:59.576,2023-09-30T16:44:59.681,105
delSync_Task_Scheduler_run.xml,delSync_Task_Scheduler_done.xml,false,2023-09-30T16:44:59.576,2023-09-30T16:44:59.683,107
delSync_Task_Scheduler_stop.xml,delSync_Task_Scheduler_done.xml,false,2023-09-30T16:44:59.593,2023-09-30T16:44:59.685,92
delSync_Scheduler_Task_ready.xml,delSync_Task_Scheduler_done.xml,false,2023-09-30T16:44:59.593,2023-09-30T16:44:59.708,115
delSync_Task_Scheduler_ready.xml,delSync_Task_Scheduler_done.xml,false,2023-09-30T16:44:59.593,2023-09-30T16:44:59.713,120
delSync_Scheduler_Task_run.xml,delSync_Task_Scheduler_done.xml,false,2023-09-30T16:44:59.594,2023-09-30T16:44:59.718,124
delSync_Task_Scheduler_run.xml,delSync_Scheduler_Task_done.xml,false,2023-09-30T16:44:59.594,2023-09-30T16:44:59.718,124
delSync_Task_Scheduler_ready.xml,delSync_Scheduler_Task_done.xml,false,2023-09-30T16:44:59.594,2023-09-30T16:44:59.738,144
delSync_Scheduler_Task_ready.xml,delSync_Scheduler_Task_done.xml,false,2023-09-30T16:44:59.594,2023-09-30T16:44:59.743,149
delSync_Task_Scheduler_stop.xml,delSync_Scheduler_Task_done.xml,false,2023-09-30T16:44:59.594,2023-09-30T16:44:59.749,155
delSync_Scheduler_Task_run.xml,delSync_Scheduler_Task_done.xml,false,2023-09-30T16:44:59.594,2023-09-30T16:44:59.751,157
delSync_Task_Scheduler_run.xml,delSync_Scheduler_Task_stop.xml,false,2023-09-30T16:44:59.594,2023-09-30T16:44:59.770,176
delSync_Scheduler_Task_ready.xml,delSync_Scheduler_Task_stop.xml,false,2023-09-30T16:44:59.595,2023-09-30T16:44:59.783,188
delSync_Task_Scheduler_stop.xml,delSync_Scheduler_Task_stop.xml,false,2023-09-30T16:44:59.595,2023-09-30T16:44:59.789,194
delSync_Scheduler_Task_run.xml,delSync_Scheduler_Task_stop.xml,false,2023-09-30T16:44:59.595,2023-09-30T16:44:59.804,209
delSync_Task_Scheduler_ready.xml,delSync_Scheduler_Task_stop.xml,false,2023-09-30T16:44:59.595,2023-09-30T16:44:59.807,212
delSync_Scheduler_Task_stop.xml,delSync_Task_Scheduler_stop.xml,false,2023-09-30T16:51:30.135,2023-09-30T16:51:30.182,47
delSync_Task_Scheduler_run.xml,delSync_Task_Scheduler_done.xml,false,2023-09-30T16:51:30.135,2023-09-30T16:51:30.187,52
delSync_Scheduler_Task_stop.xml,delSync_Task_Scheduler_done.xml,false,2023-09-30T16:51:30.136,2023-09-30T16:51:30.188,52
delSync_Task_Scheduler_run.xml,delSync_Scheduler_Task_stop.xml,false,2023-09-30T16:51:30.130,2023-09-30T16:51:30.187,57
delSync_Task_Scheduler_run.xml,delSync_Task_Scheduler_stop.xml,false,2023-09-30T16:51:30.135,2023-09-30T16:51:30.182,47
delSync_Task_Scheduler_run.xml,delSync_Scheduler_Task_run.xml,false,2023-09-30T16:51:30.137,2023-09-30T16:51:30.211,74
delSync_Scheduler_Task_stop.xml,delSync_Scheduler_Task_run.xml,false,2023-09-30T16:51:30.137,2023-09-30T16:51:30.217,80
delSync_Task_Scheduler_stop.xml,delSync_Task_Scheduler_done.xml,false,2023-09-30T16:51:30.136,2023-09-30T16:51:30.219,83
delSync_Task_Scheduler_stop.xml,delSync_Scheduler_Task_run.xml,false,2023-09-30T16:51:30.137,2023-09-30T16:51:30.222,85
delSync_Task_Scheduler_run.xml,delSync_Scheduler_Task_ready.xml,false,2023-09-30T16:51:30.137,2023-09-30T16:51:30.236,99
delSync_Scheduler_Task_stop.xml,delSync_Scheduler_Task_ready.xml,false,2023-09-30T16:51:30.137,2023-09-30T16:51:30.242,105
delSync_Task_Scheduler_stop.xml,delSync_Scheduler_Task_ready.xml,false,2023-09-30T16:51:30.137,2023-09-30T16:51:30.250,113
delSync_Scheduler_Task_run.xml,delSync_Scheduler_Task_ready.xml,false,2023-09-30T16:51:30.137,2023-09-30T16:51:30.266,129
delSync_Task_Scheduler_run.xml,delSync_Scheduler_Task_done.xml,false,2023-09-30T16:51:30.137,2023-09-30T16:51:30.271,134
delSync_Scheduler_Task_stop.xml,delSync_Scheduler_Task_done.xml,false,2023-09-30T16:51:30.137,2023-09-30T16:51:30.280,143
delSync_Task_Scheduler_stop.xml,delSync_Scheduler_Task_done.xml,false,2023-09-30T16:51:30.138,2023-09-30T16:51:30.290,152
delSync_Scheduler_Task_ready.xml,delSync_Scheduler_Task_done.xml,false,2023-09-30T16:51:30.138,2023-09-30T16:51:30.311,173
delSync_Scheduler_Task_run.xml,delSync_Scheduler_Task_done.xml,false,2023-09-30T16:51:30.138,2023-09-30T16:51:30.312,174
delSync_Scheduler_Task_stop.xml,delSync_Task_Scheduler_ready.xml,false,2023-09-30T16:51:30.138,2023-09-30T16:51:30.334,196
delSync_Task_Scheduler_run.xml,delSync_Task_Scheduler_ready.xml,false,2023-09-30T16:51:30.138,2023-09-30T16:51:30.341,203
delSync_Task_Scheduler_stop.xml,delSync_Task_Scheduler_ready.xml,false,2023-09-30T16:51:30.138,2023-09-30T16:51:30.368,230
delSync_Scheduler_Task_run.xml,delSync_Task_Scheduler_ready.xml,false,2023-09-30T16:51:30.138,2023-09-30T16:51:30.397,259
delSync_Scheduler_Task_ready.xml,delSync_Task_Scheduler_ready.xml,false,2023-09-30T16:51:30.138,2023-09-30T16:51:30.419,281
