delSync_Task_Scheduler_stop.xml,scheduling4.xml,false,2023-09-29T02:50:12.058,2023-09-29T02:50:12.129,71
delSync_Task_Scheduler_ready.xml,scheduling4.xml,false,2023-09-29T02:50:12.065,2023-09-29T02:50:12.122,57
delSync_Scheduler_Task_run.xml,scheduling4.xml,false,2023-09-29T02:50:12.066,2023-09-29T02:50:12.131,65
delSync_Scheduler_Task_ready.xml,scheduling4.xml,false,2023-09-29T02:50:12.065,2023-09-29T02:50:12.123,58
delSync_Scheduler_Task_stop.xml,scheduling4.xml,false,2023-09-29T02:50:12.075,2023-09-29T02:50:12.168,93
delSync_Task_Scheduler_run.xml,scheduling4.xml,false,2023-09-29T02:50:12.075,2023-09-29T02:50:12.185,110
delSync_Scheduler_Task_done.xml,scheduling4.xml,true,2023-09-29T02:50:12.066,2023-09-29T05:30:11.818,9599752
delSync_Task_Scheduler_done.xml,scheduling4.xml,true,2023-09-29T02:50:12.075,2023-09-29T05:30:11.826,9599751
delSync_Scheduler_Task_run.xml,delSync_Scheduler_Task_stop.xml,false,2023-09-29T18:01:30.490,2023-09-29T18:01:30.551,61
delSync_Scheduler_Task_stop.xml,delSync_Scheduler_Task_done.xml,false,2023-09-29T18:01:30.498,2023-09-29T18:01:30.560,62
delSync_Scheduler_Task_run.xml,delSync_Scheduler_Task_done.xml,false,2023-09-29T18:01:30.497,2023-09-29T18:01:30.553,56
delSync_Scheduler_Task_run.xml,delSync_Scheduler_Task_ready.xml,false,2023-09-29T18:01:30.498,2023-09-29T18:01:30.565,67
delSync_Scheduler_Task_stop.xml,delSync_Scheduler_Task_ready.xml,false,2023-09-29T18:01:30.498,2023-09-29T18:01:30.565,67
delSync_Scheduler_Task_run.xml,delSync_Task_Scheduler_run.xml,false,2023-09-29T18:01:30.501,2023-09-29T18:01:30.595,94
delSync_Scheduler_Task_ready.xml,delSync_Task_Scheduler_run.xml,false,2023-09-29T18:01:30.501,2023-09-29T18:01:30.624,123
delSync_Scheduler_Task_stop.xml,delSync_Task_Scheduler_run.xml,false,2023-09-29T18:01:30.501,2023-09-29T18:01:30.631,130
delSync_Scheduler_Task_run.xml,delSync_Task_Scheduler_ready.xml,false,2023-09-29T18:01:30.501,2023-09-29T18:01:30.645,144
delSync_Scheduler_Task_stop.xml,delSync_Task_Scheduler_ready.xml,false,2023-09-29T18:01:30.501,2023-09-29T18:01:30.680,179
delSync_Scheduler_Task_ready.xml,delSync_Task_Scheduler_ready.xml,false,2023-09-29T18:01:30.502,2023-09-29T18:01:30.696,194
delSync_Task_Scheduler_run.xml,delSync_Task_Scheduler_ready.xml,false,2023-09-29T18:01:30.502,2023-09-29T18:01:30.727,225
delSync_Scheduler_Task_run.xml,delSync_Task_Scheduler_stop.xml,false,2023-09-29T18:01:30.502,2023-09-29T18:01:30.748,246
delSync_Scheduler_Task_stop.xml,delSync_Task_Scheduler_stop.xml,false,2023-09-29T18:01:30.502,2023-09-29T18:01:30.779,277
delSync_Scheduler_Task_ready.xml,delSync_Task_Scheduler_stop.xml,false,2023-09-29T18:01:30.503,2023-09-29T18:01:30.826,323
delSync_Task_Scheduler_run.xml,delSync_Task_Scheduler_stop.xml,false,2023-09-29T18:01:30.503,2023-09-29T18:01:30.884,381
delSync_Task_Scheduler_ready.xml,delSync_Task_Scheduler_stop.xml,false,2023-09-29T18:01:30.503,2023-09-29T18:01:30.975,472
delSync_Scheduler_Task_run.xml,delSync_Task_Scheduler_done.xml,false,2023-09-29T18:01:30.503,2023-09-29T18:01:31.020,517
delSync_Scheduler_Task_stop.xml,delSync_Task_Scheduler_done.xml,false,2023-09-29T18:01:30.503,2023-09-29T18:01:31.073,570
delSync_Task_Scheduler_stop.xml,delSync_Scheduler_Task_run.xml,false,2023-09-29T18:03:17.516,2023-09-29T18:03:17.578,62
delSync_Task_Scheduler_stop.xml,delSync_Task_Scheduler_done.xml,false,2023-09-29T18:03:17.515,2023-09-29T18:03:17.590,75
delSync_Task_Scheduler_stop.xml,delSync_Task_Scheduler_ready.xml,false,2023-09-29T18:03:17.508,2023-09-29T18:03:17.576,68
delSync_Task_Scheduler_stop.xml,delSync_Scheduler_Task_stop.xml,false,2023-09-29T18:03:17.517,2023-09-29T18:03:17.618,101
delSync_Task_Scheduler_ready.xml,delSync_Task_Scheduler_done.xml,false,2023-09-29T18:03:17.516,2023-09-29T18:03:17.623,107
delSync_Task_Scheduler_ready.xml,delSync_Scheduler_Task_run.xml,false,2023-09-29T18:03:17.516,2023-09-29T18:03:17.638,122
delSync_Scheduler_Task_run.xml,delSync_Scheduler_Task_stop.xml,false,2023-09-29T18:03:17.518,2023-09-29T18:03:17.685,167
delSync_Task_Scheduler_ready.xml,delSync_Scheduler_Task_stop.xml,false,2023-09-29T18:03:17.517,2023-09-29T18:03:17.702,185
delSync_Task_Scheduler_stop.xml,delSync_Scheduler_Task_done.xml,false,2023-09-29T18:03:17.519,2023-09-29T18:03:17.739,220
delSync_Task_Scheduler_ready.xml,delSync_Scheduler_Task_done.xml,false,2023-09-29T18:03:17.519,2023-09-29T18:03:17.780,261
delSync_Scheduler_Task_run.xml,delSync_Scheduler_Task_done.xml,false,2023-09-29T18:03:17.520,2023-09-29T18:03:17.789,269
delSync_Scheduler_Task_stop.xml,delSync_Scheduler_Task_done.xml,false,2023-09-29T18:03:17.520,2023-09-29T18:03:17.827,307
delSync_Task_Scheduler_stop.xml,delSync_Task_Scheduler_run.xml,false,2023-09-29T18:03:17.520,2023-09-29T18:03:17.835,315
delSync_Task_Scheduler_ready.xml,delSync_Task_Scheduler_run.xml,false,2023-09-29T18:03:17.523,2023-09-29T18:03:17.892,369
delSync_Scheduler_Task_run.xml,delSync_Task_Scheduler_run.xml,false,2023-09-29T18:03:17.523,2023-09-29T18:03:17.928,405
delSync_Scheduler_Task_stop.xml,delSync_Task_Scheduler_run.xml,false,2023-09-29T18:03:17.523,2023-09-29T18:03:17.963,440
delSync_Scheduler_Task_ready.xml,delSync_Task_Scheduler_done.xml,false,2023-09-29T18:06:52.020,2023-09-29T18:06:52.073,53
delSync_Scheduler_Task_ready.xml,delSync_Task_Scheduler_run.xml,false,2023-09-29T18:06:52.019,2023-09-29T18:06:52.079,60
delSync_Task_Scheduler_stop.xml,delSync_Scheduler_Task_ready.xml,false,2023-09-29T18:06:52.010,2023-09-29T18:06:52.082,72
delSync_Task_Scheduler_stop.xml,delSync_Task_Scheduler_run.xml,false,2023-09-29T18:06:52.019,2023-09-29T18:06:52.083,64
delSync_Task_Scheduler_stop.xml,delSync_Task_Scheduler_done.xml,false,2023-09-29T18:06:52.020,2023-09-29T18:06:52.099,79
delSync_Scheduler_Task_ready.xml,delSync_Task_Scheduler_ready.xml,false,2023-09-29T18:06:52.021,2023-09-29T18:06:52.122,101
delSync_Task_Scheduler_run.xml,delSync_Task_Scheduler_done.xml,false,2023-09-29T18:06:52.021,2023-09-29T18:06:52.125,104
delSync_Task_Scheduler_run.xml,delSync_Task_Scheduler_ready.xml,false,2023-09-29T18:06:52.021,2023-09-29T18:06:52.136,115
delSync_Task_Scheduler_stop.xml,delSync_Task_Scheduler_ready.xml,false,2023-09-29T18:06:52.021,2023-09-29T18:06:52.138,117
delSync_Task_Scheduler_stop.xml,delSync_Scheduler_Task_run.xml,false,2023-09-29T18:06:52.022,2023-09-29T18:06:52.183,161
delSync_Scheduler_Task_ready.xml,delSync_Scheduler_Task_run.xml,false,2023-09-29T18:06:52.022,2023-09-29T18:06:52.189,167
delSync_Task_Scheduler_run.xml,delSync_Scheduler_Task_run.xml,false,2023-09-29T18:06:52.022,2023-09-29T18:06:52.191,169
delSync_Scheduler_Task_ready.xml,delSync_Scheduler_Task_stop.xml,false,2023-09-29T18:06:52.023,2023-09-29T18:06:52.236,213
delSync_Task_Scheduler_stop.xml,delSync_Scheduler_Task_stop.xml,false,2023-09-29T18:06:52.023,2023-09-29T18:06:52.240,217
delSync_Task_Scheduler_run.xml,delSync_Scheduler_Task_stop.xml,false,2023-09-29T18:06:52.023,2023-09-29T18:06:52.284,261
delSync_Task_Scheduler_ready.xml,delSync_Scheduler_Task_run.xml,false,2023-09-29T18:06:52.022,2023-09-29T18:06:52.285,263
delSync_Scheduler_Task_run.xml,delSync_Scheduler_Task_stop.xml,false,2023-09-29T18:06:52.023,2023-09-29T18:06:52.330,307
delSync_Task_Scheduler_ready.xml,delSync_Scheduler_Task_stop.xml,false,2023-09-29T18:06:52.023,2023-09-29T18:06:52.343,320
delSync_Scheduler_Task_ready.xml,delSync_Scheduler_Task_done.xml,false,2023-09-29T18:06:52.024,2023-09-29T18:06:52.374,350
delSync_Task_Scheduler_stop.xml,delSync_Scheduler_Task_done.xml,false,2023-09-29T18:06:52.024,2023-09-29T18:06:52.383,359
delSync_Task_Scheduler_run.xml,delSync_Scheduler_Task_done.xml,false,2023-09-29T18:06:52.024,2023-09-29T18:06:52.410,386
delSync_Task_Scheduler_ready.xml,delSync_Scheduler_Task_done.xml,false,2023-09-29T18:06:52.024,2023-09-29T18:06:52.466,442
delSync_Scheduler_Task_run.xml,delSync_Scheduler_Task_done.xml,false,2023-09-29T18:06:52.024,2023-09-29T18:06:52.494,470
delSync_Scheduler_Task_stop.xml,delSync_Scheduler_Task_done.xml,false,2023-09-29T18:06:52.024,2023-09-29T18:06:52.524,500
