MaskVarChannel_openAction_Door.xml,delOutput_closeAction_1.xml,false,2023-06-13T05:40:25.836,2023-06-13T05:40:25.861,25
urgChan_closeAction.xml,commLoc_18.xml,false,2023-06-13T05:40:25.842,2023-06-13T05:40:25.858,16
urgChan_requestBridge.xml,MaskVarChannel_retractAction_Bridge.xml,false,2023-06-13T05:40:25.843,2023-06-13T05:40:25.867,24
commLoc_26.xml,commLoc_3.xml,false,2023-06-13T05:40:25.844,2023-06-13T05:40:25.898,54
parSeq_endRetractAction4.xml,broadChan_requestBridge.xml,false,2023-06-13T05:40:25.844,2023-06-13T05:40:25.898,54
urgChan_endOpenAction.xml,urgChan_closeAction.xml,false,2023-06-13T05:40:25.843,2023-06-13T05:40:25.861,18
parSeq_closeAction16.xml,commLoc_26.xml,false,2023-06-13T05:40:25.844,2023-06-13T05:40:25.899,55
delSync_endOpenAction1.xml,urgChan_requestBridge.xml,false,2023-06-13T05:40:25.843,2023-06-13T05:40:25.867,24
parSeq_closeAction15.xml,urgChan_endOpenAction.xml,false,2023-06-13T05:40:25.843,2023-06-13T05:40:25.862,19
MaskVarChannel_retractAction_Bridge.xml,parSeq_closeAction15.xml,false,2023-06-13T05:40:25.843,2023-06-13T05:40:25.867,24
commLoc_3.xml,commLoc_1.xml,false,2023-06-13T05:40:25.844,2023-06-13T05:40:25.899,55
urgChan_endCloseAction.xml,commLoc_21.xml,false,2023-06-13T05:40:25.845,2023-06-13T05:40:25.899,54
parSeq_endDeployAction1.xml,parSeq_endRetractAction4.xml,false,2023-06-13T05:40:25.844,2023-06-13T05:40:25.899,55
commLoc_1.xml,delSync_endOpenAction1.xml,false,2023-06-13T05:40:25.843,2023-06-13T05:40:25.897,54
MaskVarChannel_endCloseAction_Bridge.xml,parSeq_closeAction16.xml,false,2023-06-13T05:40:25.844,2023-06-13T05:40:25.897,53
commLoc_28.xml,delSync_closeAction4.xml,false,2023-06-13T05:40:25.845,2023-06-13T05:40:25.902,57
delSync_closeAction4.xml,urgLoc_1.xml,false,2023-06-13T05:40:25.845,2023-06-13T05:40:25.902,57
parSeq_endDeployAction0.xml,delOutput_closeAction_0.xml,false,2023-06-13T05:40:25.845,2023-06-13T05:40:25.908,63
parSeq_openAction9.xml,delSync_endDeployAction1.xml,false,2023-06-13T05:40:25.846,2023-06-13T05:40:25.909,63
delSync_endDeployAction1.xml,parSeq_endDeployAction0.xml,false,2023-06-13T05:40:25.845,2023-06-13T05:40:25.911,66
commLoc_14.xml,parSeq_openAction9.xml,false,2023-06-13T05:40:25.846,2023-06-13T05:40:25.912,66
urgChan_requestDoor.xml,MaskVarChannel_requestDoor_Controller.xml,false,2023-06-13T05:40:25.848,2023-06-13T05:40:25.917,69
delSync_closeAction2.xml,delOutput_endRetractAction_0.xml,false,2023-06-13T05:40:25.847,2023-06-13T05:40:25.918,71
MaskVarChannel_endDeployAction_Bridge.xml,delOutput_endCloseAction_1.xml,false,2023-06-13T05:40:25.848,2023-06-13T05:40:25.927,79
MaskVarChannel_openAction_Bridge.xml,urgLoc_19.xml,false,2023-06-13T05:40:25.848,2023-06-13T05:40:25.935,87
MaskVarChannel_closeAction_Bridge.xml,commLoc_8.xml,false,2023-06-13T05:40:25.849,2023-06-13T05:40:25.938,89
parSeq_endOpenAction11.xml,urgLoc_13.xml,false,2023-06-13T05:40:25.849,2023-06-13T05:40:25.939,90
delSync_closeAction1.xml,urgLoc_4.xml,false,2023-06-13T05:40:25.849,2023-06-13T05:40:25.943,94
urgChan_openAction.xml,delSync_openAction3.xml,false,2023-06-13T05:40:25.849,2023-06-13T05:40:25.947,98
delSync_openAction3.xml,delOutput_openAction_1.xml,false,2023-06-13T05:40:25.849,2023-06-13T05:40:25.950,101
delSync_endCloseAction3.xml,urgChan_openAction.xml,false,2023-06-13T05:40:25.850,2023-06-13T05:40:25.954,104
parSeq_openAction5.xml,commLoc_6.xml,false,2023-06-13T05:40:25.850,2023-06-13T05:40:25.958,108
delSync_closeAction6.xml,parSeq_openAction5.xml,false,2023-06-13T05:40:25.850,2023-06-13T05:40:25.959,109
commLoc_13.xml,commLoc_12.xml,false,2023-06-13T05:40:25.850,2023-06-13T05:40:25.964,114
commLoc_22.xml,delOutput_retractAction_0.xml,false,2023-06-13T05:40:25.851,2023-06-13T05:40:25.975,124
commLoc_17.xml,urgLoc_0.xml,false,2023-06-13T05:40:25.851,2023-06-13T05:40:25.976,125
urgChan_deployAction.xml,MaskVarChannel_endCloseAction_Door.xml,false,2023-06-13T05:40:25.852,2023-06-13T05:40:25.979,127
delSync_openAction2.xml,commLoc_22.xml,false,2023-06-13T05:40:25.851,2023-06-13T05:40:25.981,130
MaskVarChannel_endCloseAction_Door.xml,urgLoc_26.xml,false,2023-06-13T05:40:25.852,2023-06-13T05:40:25.984,132
parSeq_openAction10.xml,urgChan_deployAction.xml,false,2023-06-13T05:40:25.852,2023-06-13T05:40:25.987,135
delSync_closeAction5.xml,parSeq_endCloseAction20.xml,false,2023-06-13T05:40:25.852,2023-06-13T05:40:25.991,139
parSeq_endCloseAction20.xml,parSeq_openAction10.xml,false,2023-06-13T05:40:25.852,2023-06-13T05:40:25.991,139
parSeq_closeAction17.xml,urgLoc_22.xml,false,2023-06-13T05:40:25.852,2023-06-13T05:40:25.994,142
commLoc_4.xml,parSeq_closeAction17.xml,false,2023-06-13T05:40:25.852,2023-06-13T05:40:25.995,143
MaskVarChannel_deployAction_Bridge.xml,commLoc_20.xml,false,2023-06-13T05:40:25.853,2023-06-13T05:40:25.998,145
commLoc_20.xml,delSync_openAction4.xml,false,2023-06-13T05:40:25.853,2023-06-13T05:40:26.001,148
delSync_openAction4.xml,commLoc_4.xml,false,2023-06-13T05:40:25.852,2023-06-13T05:40:26.001,149
parSeq_retractAction2.xml,MaskVarChannel_deployAction_Bridge.xml,false,2023-06-13T05:40:25.853,2023-06-13T05:40:26.005,152
delSync_endRetractAction1.xml,parSeq_retractAction2.xml,false,2023-06-13T05:40:25.853,2023-06-13T05:40:26.005,152
commLoc_25.xml,commLoc_9.xml,false,2023-06-13T05:40:25.855,2023-06-13T05:40:26.009,154
delSync_endCloseAction1.xml,urgLoc_6.xml,false,2023-06-13T05:40:25.855,2023-06-13T05:40:26.015,160
commLoc_2.xml,delSync_endCloseAction1.xml,false,2023-06-13T05:40:25.855,2023-06-13T05:40:26.016,161
delSync_retractAction1.xml,urgLoc_8.xml,false,2023-06-13T05:40:25.856,2023-06-13T05:40:26.023,167
delSync_retractAction2.xml,urgLoc_9.xml,false,2023-06-13T05:40:25.856,2023-06-13T05:40:26.026,170
urgChan_endRetractAction.xml,parSeq_closeAction13.xml,false,2023-06-13T05:40:25.856,2023-06-13T05:40:26.029,173
parSeq_closeAction13.xml,delSync_retractAction2.xml,false,2023-06-13T05:40:25.856,2023-06-13T05:40:26.030,174
commLoc_15.xml,urgChan_endRetractAction.xml,false,2023-06-13T05:40:25.856,2023-06-13T05:40:26.031,175
MaskVarChannel_endOpenAction_Door.xml,commLoc_15.xml,false,2023-06-13T05:40:25.856,2023-06-13T05:40:26.034,178
parSeq_endCloseAction21.xml,delSync_endCloseAction2.xml,false,2023-06-13T05:40:25.857,2023-06-13T05:40:26.039,182
delSync_endCloseAction2.xml,MaskVarChannel_requestBridge_Controller.xml,false,2023-06-13T05:40:25.856,2023-06-13T05:40:26.040,184
delSync_closeAction3.xml,delOutput_endOpenAction_0.xml,false,2023-06-13T05:40:25.857,2023-06-13T05:40:26.046,189
delSync_openAction1.xml,parSeq_openAction8.xml,false,2023-06-13T05:40:25.857,2023-06-13T05:40:26.048,191
parSeq_openAction8.xml,urgLoc_24.xml,false,2023-06-13T05:40:25.857,2023-06-13T05:40:26.049,192
delSync_openAction5.xml,delSync_openAction1.xml,false,2023-06-13T05:40:25.857,2023-06-13T05:40:26.050,193
MaskVarChannel_closeAction_Door.xml,urgLoc_20.xml,false,2023-06-13T05:40:25.857,2023-06-13T05:40:26.054,197
commLoc_24.xml,delOutput_deployAction_1.xml,false,2023-06-13T05:40:25.858,2023-06-13T05:40:26.058,200
commLoc_10.xml,urgLoc_23.xml,false,2023-06-13T05:40:25.858,2023-06-13T05:40:26.063,205
parSeq_endOpenAction12.xml,urgLoc_29.xml,false,2023-06-13T05:40:25.858,2023-06-13T05:40:26.073,215
MaskVarChannel_endRetractAction_Bridge.xml,parSeq_endOpenAction12.xml,false,2023-06-13T05:40:25.858,2023-06-13T05:40:26.074,216
commLoc_29.xml,MaskVarChannel_endRetractAction_Bridge.xml,false,2023-06-13T05:40:25.858,2023-06-13T05:40:26.078,220
delSync_endOpenAction2.xml,MaskVarChannel_endCloseAction_Controller.xml,false,2023-06-13T05:40:25.859,2023-06-13T05:40:26.083,224
commLoc_19.xml,commLoc_5.xml,false,2023-06-13T05:40:25.859,2023-06-13T05:40:26.087,228
parSeq_endCloseAction19.xml,urgLoc_15.xml,false,2023-06-13T05:40:25.859,2023-06-13T05:40:26.097,238
urgChan_endDeployAction.xml,delOutput_endOpenAction_1.xml,false,2023-06-13T05:40:25.860,2023-06-13T05:40:26.102,242
parSeq_closeAction18.xml,urgChan_endDeployAction.xml,false,2023-06-13T05:40:25.860,2023-06-13T05:40:26.111,251
delSync_openAction6.xml,parSeq_closeAction18.xml,false,2023-06-13T05:40:25.860,2023-06-13T05:40:26.113,253
commLoc_23.xml,broadChan_requestDoor.xml,false,2023-06-13T05:40:25.860,2023-06-13T05:40:26.115,255
parSeq_retractAction3.xml,urgLoc_28.xml,false,2023-06-13T05:40:25.861,2023-06-13T05:40:26.118,257
parSeq_openAction7.xml,parSeq_openAction6.xml,false,2023-06-13T05:40:25.861,2023-06-13T05:40:26.125,264
parSeq_openAction6.xml,delOutput_deployAction_0.xml,false,2023-06-13T05:40:25.861,2023-06-13T05:40:26.125,264
parSeq_closeAction14.xml,delOutput_endCloseAction_2.xml,false,2023-06-13T05:40:25.862,2023-06-13T05:40:26.130,268
commLoc_11.xml,delSync_endDeployAction2.xml,false,2023-06-13T05:40:25.864,2023-06-13T05:40:26.134,270
delSync_endDeployAction2.xml,parSeq_closeAction14.xml,false,2023-06-13T05:40:25.863,2023-06-13T05:40:26.134,271
commLoc_18.xml,MaskVarChannel_openAction_Door.xml,true,2023-06-13T05:40:25.842,2023-06-13T06:40:25.864,3600022
delOutput_endDeployAction_1.xml,MaskVarChannel_endCloseAction_Bridge.xml,true,2023-06-13T05:40:25.844,2023-06-13T06:40:25.899,3600055
broadChan_requestBridge.xml,delOutput_endDeployAction_1.xml,true,2023-06-13T05:40:25.844,2023-06-13T06:40:25.902,3600058
commLoc_21.xml,urgLoc_18.xml,true,2023-06-13T05:40:25.845,2023-06-13T06:40:25.906,3600061
urgLoc_1.xml,urgChan_endCloseAction.xml,true,2023-06-13T05:40:25.845,2023-06-13T06:40:25.906,3600061
urgLoc_18.xml,parSeq_endDeployAction1.xml,true,2023-06-13T05:40:25.845,2023-06-13T06:40:25.907,3600062
delOutput_closeAction_0.xml,commLoc_28.xml,true,2023-06-13T05:40:25.845,2023-06-13T06:40:25.907,3600062
commLoc_7.xml,commLoc_14.xml,true,2023-06-13T05:40:25.846,2023-06-13T06:40:25.918,3600072
delOutput_endRetractAction_0.xml,commLoc_7.xml,true,2023-06-13T05:40:25.847,2023-06-13T06:40:25.918,3600071
MaskVarChannel_requestDoor_Controller.xml,delSync_closeAction2.xml,true,2023-06-13T05:40:25.847,2023-06-13T06:40:25.922,3600075
commLoc_16.xml,MaskVarChannel_endDeployAction_Bridge.xml,true,2023-06-13T05:40:25.848,2023-06-13T06:40:25.927,3600079
delOutput_endCloseAction_1.xml,urgLoc_2.xml,true,2023-06-13T05:40:25.848,2023-06-13T06:40:25.929,3600081
urgLoc_2.xml,urgChan_requestDoor.xml,true,2023-06-13T05:40:25.848,2023-06-13T06:40:25.929,3600081
urgLoc_19.xml,commLoc_16.xml,true,2023-06-13T05:40:25.848,2023-06-13T06:40:25.931,3600083
urgLoc_13.xml,MaskVarChannel_openAction_Bridge.xml,true,2023-06-13T05:40:25.848,2023-06-13T06:40:25.935,3600087
commLoc_8.xml,parSeq_endOpenAction11.xml,true,2023-06-13T05:40:25.849,2023-06-13T06:40:25.939,3600090
urgLoc_4.xml,MaskVarChannel_closeAction_Bridge.xml,true,2023-06-13T05:40:25.849,2023-06-13T06:40:25.943,3600094
delOutput_endCloseAction_0.xml,delSync_closeAction1.xml,true,2023-06-13T05:40:25.849,2023-06-13T06:40:25.947,3600098
delOutput_openAction_1.xml,delOutput_endCloseAction_0.xml,true,2023-06-13T05:40:25.849,2023-06-13T06:40:25.950,3600101
MaskVarChannel_endOpenAction_Controller.xml,delSync_endCloseAction3.xml,true,2023-06-13T05:40:25.850,2023-06-13T06:40:25.954,3600104
commLoc_12.xml,delSync_closeAction6.xml,true,2023-06-13T05:40:25.850,2023-06-13T06:40:25.964,3600114
delOutput_endDeployAction_0.xml,commLoc_13.xml,true,2023-06-13T05:40:25.850,2023-06-13T06:40:25.966,3600116
urgLoc_7.xml,commLoc_0.xml,true,2023-06-13T05:40:25.851,2023-06-13T06:40:25.966,3600115
commLoc_6.xml,MaskVarChannel_endOpenAction_Controller.xml,true,2023-06-13T05:40:25.850,2023-06-13T06:40:25.956,3600106
commLoc_0.xml,delOutput_endDeployAction_0.xml,true,2023-06-13T05:40:25.851,2023-06-13T06:40:25.968,3600117
urgLoc_12.xml,urgLoc_7.xml,true,2023-06-13T05:40:25.851,2023-06-13T06:40:25.972,3600121
delOutput_retractAction_0.xml,commLoc_17.xml,true,2023-06-13T05:40:25.851,2023-06-13T06:40:25.973,3600122
urgLoc_0.xml,urgLoc_12.xml,true,2023-06-13T05:40:25.851,2023-06-13T06:40:25.976,3600125
urgLoc_26.xml,urgLoc_17.xml,true,2023-06-13T05:40:25.852,2023-06-13T06:40:25.984,3600132
urgLoc_17.xml,delSync_openAction2.xml,true,2023-06-13T05:40:25.851,2023-06-13T06:40:25.984,3600133
urgLoc_22.xml,delSync_closeAction5.xml,true,2023-06-13T05:40:25.852,2023-06-13T06:40:25.992,3600140
urgLoc_27.xml,delSync_endRetractAction1.xml,true,2023-06-13T05:40:25.854,2023-06-13T06:40:26.009,3600155
commLoc_9.xml,urgLoc_27.xml,true,2023-06-13T05:40:25.854,2023-06-13T06:40:26.011,3600157
urgLoc_6.xml,commLoc_25.xml,true,2023-06-13T05:40:25.855,2023-06-13T06:40:26.015,3600160
urgLoc_3.xml,commLoc_27.xml,true,2023-06-13T05:40:25.855,2023-06-13T06:40:26.019,3600164
delOutput_openAction_2.xml,urgLoc_3.xml,true,2023-06-13T05:40:25.855,2023-06-13T06:40:26.020,3600165
urgLoc_8.xml,delOutput_openAction_2.xml,true,2023-06-13T05:40:25.856,2023-06-13T06:40:26.023,3600167
urgLoc_9.xml,delSync_retractAction1.xml,true,2023-06-13T05:40:25.856,2023-06-13T06:40:26.027,3600171
MaskVarChannel_requestBridge_Controller.xml,urgLoc_25.xml,true,2023-06-13T05:40:25.856,2023-06-13T06:40:26.037,3600181
urgLoc_25.xml,MaskVarChannel_endOpenAction_Door.xml,true,2023-06-13T05:40:25.856,2023-06-13T06:40:26.038,3600182
delOutput_endOpenAction_0.xml,parSeq_endCloseAction21.xml,true,2023-06-13T05:40:25.857,2023-06-13T06:40:26.043,3600186
urgLoc_24.xml,delSync_closeAction3.xml,true,2023-06-13T05:40:25.857,2023-06-13T06:40:26.046,3600189
urgLoc_20.xml,delSync_openAction5.xml,true,2023-06-13T05:40:25.857,2023-06-13T06:40:26.056,3600199
delOutput_deployAction_1.xml,MaskVarChannel_endRetractAction_Controller.xml,true,2023-06-13T05:40:25.857,2023-06-13T06:40:26.057,3600200
MaskVarChannel_endRetractAction_Controller.xml,MaskVarChannel_closeAction_Door.xml,true,2023-06-13T05:40:25.857,2023-06-13T06:40:26.058,3600201
urgLoc_23.xml,commLoc_24.xml,true,2023-06-13T05:40:25.858,2023-06-13T06:40:26.062,3600204
MaskVarChannel_closeAction_Controller.xml,commLoc_10.xml,true,2023-06-13T05:40:25.858,2023-06-13T06:40:26.065,3600207
urgChan_retractAction.xml,MaskVarChannel_closeAction_Controller.xml,true,2023-06-13T05:40:25.858,2023-06-13T06:40:26.069,3600211
urgLoc_10.xml,urgChan_retractAction.xml,true,2023-06-13T05:40:25.858,2023-06-13T06:40:26.069,3600211
urgLoc_29.xml,urgLoc_10.xml,true,2023-06-13T05:40:25.858,2023-06-13T06:40:26.072,3600214
MaskVarChannel_endDeployAction_Controller.xml,commLoc_29.xml,true,2023-06-13T05:40:25.858,2023-06-13T06:40:26.078,3600220
MaskVarChannel_endCloseAction_Controller.xml,MaskVarChannel_endDeployAction_Controller.xml,true,2023-06-13T05:40:25.859,2023-06-13T06:40:26.081,3600222
commLoc_5.xml,delSync_endOpenAction2.xml,true,2023-06-13T05:40:25.859,2023-06-13T06:40:26.085,3600226
delOutput_retractAction_1.xml,MaskVarChannel_retractAction_Controller.xml,true,2023-06-13T05:40:25.859,2023-06-13T06:40:26.089,3600230
MaskVarChannel_retractAction_Controller.xml,commLoc_19.xml,true,2023-06-13T05:40:25.859,2023-06-13T06:40:26.090,3600231
urgLoc_16.xml,delOutput_retractAction_1.xml,true,2023-06-13T05:40:25.859,2023-06-13T06:40:26.093,3600234
urgLoc_15.xml,urgLoc_16.xml,true,2023-06-13T05:40:25.859,2023-06-13T06:40:26.093,3600234
urgLoc_14.xml,parSeq_endCloseAction19.xml,true,2023-06-13T05:40:25.859,2023-06-13T06:40:26.096,3600237
MaskVarChannel_openAction_Controller.xml,urgLoc_14.xml,true,2023-06-13T05:40:25.860,2023-06-13T06:40:26.097,3600237
delOutput_openAction_0.xml,urgChan_tau.xml,true,2023-06-13T05:40:25.860,2023-06-13T06:40:26.103,3600243
urgChan_tau.xml,MaskVarChannel_openAction_Controller.xml,true,2023-06-13T05:40:25.860,2023-06-13T06:40:26.103,3600243
urgLoc_21.xml,delOutput_openAction_0.xml,true,2023-06-13T05:40:25.860,2023-06-13T06:40:26.106,3600246
delOutput_endOpenAction_1.xml,urgLoc_21.xml,true,2023-06-13T05:40:25.860,2023-06-13T06:40:26.107,3600247
broadChan_requestDoor.xml,delSync_openAction6.xml,true,2023-06-13T05:40:25.860,2023-06-13T06:40:26.111,3600251
urgLoc_5.xml,commLoc_23.xml,true,2023-06-13T05:40:25.860,2023-06-13T06:40:26.116,3600256
urgLoc_28.xml,urgLoc_5.xml,true,2023-06-13T05:40:25.860,2023-06-13T06:40:26.119,3600259
urgLoc_11.xml,parSeq_retractAction3.xml,true,2023-06-13T05:40:25.861,2023-06-13T06:40:26.120,3600259
delOutput_deployAction_0.xml,urgLoc_11.xml,true,2023-06-13T05:40:25.861,2023-06-13T06:40:26.125,3600264
delOutput_endCloseAction_2.xml,parSeq_openAction7.xml,true,2023-06-13T05:40:25.861,2023-06-13T06:40:26.129,3600268
