parSeq_closeAction15.xml,urgChan_endOpenAction.xml,false,2023-06-14T02:56:19.955,2023-06-14T02:56:20.013,58
parSeq_closeAction16.xml,commLoc_26.xml,false,2023-06-14T02:56:19.956,2023-06-14T02:56:20.030,74
MaskVarChannel_endCloseAction_Bridge.xml,parSeq_closeAction16.xml,false,2023-06-14T02:56:19.956,2023-06-14T02:56:20.030,74
commLoc_26.xml,commLoc_3.xml,false,2023-06-14T02:56:19.956,2023-06-14T02:56:20.030,74
MaskVarChannel_openAction_Door.xml,delOutput_closeAction_1.xml,false,2023-06-14T02:56:19.950,2023-06-14T02:56:20.010,60
urgChan_closeAction.xml,commLoc_18.xml,false,2023-06-14T02:56:19.955,2023-06-14T02:56:20.010,55
delSync_endOpenAction1.xml,urgChan_requestBridge.xml,false,2023-06-14T02:56:19.956,2023-06-14T02:56:20.017,61
commLoc_3.xml,commLoc_1.xml,false,2023-06-14T02:56:19.956,2023-06-14T02:56:20.017,61
commLoc_1.xml,delSync_endOpenAction1.xml,false,2023-06-14T02:56:19.956,2023-06-14T02:56:20.016,60
MaskVarChannel_retractAction_Bridge.xml,parSeq_closeAction15.xml,false,2023-06-14T02:56:19.955,2023-06-14T02:56:20.016,61
parSeq_endRetractAction4.xml,broadChan_requestBridge.xml,false,2023-06-14T02:56:19.956,2023-06-14T02:56:20.031,75
parSeq_endDeployAction1.xml,parSeq_endRetractAction4.xml,false,2023-06-14T02:56:19.956,2023-06-14T02:56:20.033,77
delSync_closeAction4.xml,urgLoc_1.xml,false,2023-06-14T02:56:19.956,2023-06-14T02:56:20.040,84
commLoc_28.xml,delSync_closeAction4.xml,false,2023-06-14T02:56:19.956,2023-06-14T02:56:20.041,85
delSync_endDeployAction1.xml,parSeq_endDeployAction0.xml,false,2023-06-14T02:56:19.957,2023-06-14T02:56:20.042,85
parSeq_endDeployAction0.xml,delOutput_closeAction_0.xml,false,2023-06-14T02:56:19.957,2023-06-14T02:56:20.043,86
commLoc_14.xml,parSeq_openAction9.xml,false,2023-06-14T02:56:19.957,2023-06-14T02:56:20.046,89
parSeq_openAction9.xml,delSync_endDeployAction1.xml,false,2023-06-14T02:56:19.957,2023-06-14T02:56:20.047,90
delSync_closeAction2.xml,delOutput_endRetractAction_0.xml,false,2023-06-14T02:56:19.957,2023-06-14T02:56:20.051,94
MaskVarChannel_endDeployAction_Bridge.xml,delOutput_endCloseAction_1.xml,false,2023-06-14T02:56:19.957,2023-06-14T02:56:20.054,97
MaskVarChannel_openAction_Bridge.xml,urgLoc_19.xml,false,2023-06-14T02:56:19.957,2023-06-14T02:56:20.058,101
parSeq_endOpenAction11.xml,urgLoc_13.xml,false,2023-06-14T02:56:19.957,2023-06-14T02:56:20.060,103
MaskVarChannel_closeAction_Bridge.xml,commLoc_8.xml,false,2023-06-14T02:56:19.957,2023-06-14T02:56:20.062,105
delSync_closeAction1.xml,urgLoc_4.xml,false,2023-06-14T02:56:19.958,2023-06-14T02:56:20.066,108
delSync_openAction3.xml,delOutput_openAction_1.xml,false,2023-06-14T02:56:19.958,2023-06-14T02:56:20.068,110
delSync_endCloseAction3.xml,urgChan_openAction.xml,false,2023-06-14T02:56:19.958,2023-06-14T02:56:20.071,113
parSeq_openAction5.xml,commLoc_6.xml,false,2023-06-14T02:56:19.958,2023-06-14T02:56:20.073,115
delSync_closeAction6.xml,parSeq_openAction5.xml,false,2023-06-14T02:56:19.958,2023-06-14T02:56:20.074,116
commLoc_13.xml,commLoc_12.xml,false,2023-06-14T02:56:19.958,2023-06-14T02:56:20.077,119
commLoc_17.xml,urgLoc_0.xml,false,2023-06-14T02:56:19.958,2023-06-14T02:56:20.083,125
commLoc_22.xml,delOutput_retractAction_0.xml,false,2023-06-14T02:56:19.958,2023-06-14T02:56:20.084,126
delSync_openAction2.xml,commLoc_22.xml,false,2023-06-14T02:56:19.959,2023-06-14T02:56:20.086,127
MaskVarChannel_endCloseAction_Door.xml,urgLoc_26.xml,false,2023-06-14T02:56:19.959,2023-06-14T02:56:20.090,131
parSeq_openAction10.xml,urgChan_deployAction.xml,false,2023-06-14T02:56:19.959,2023-06-14T02:56:20.092,133
parSeq_endCloseAction20.xml,parSeq_openAction10.xml,false,2023-06-14T02:56:19.959,2023-06-14T02:56:20.093,134
delSync_closeAction5.xml,parSeq_endCloseAction20.xml,false,2023-06-14T02:56:19.959,2023-06-14T02:56:20.095,136
parSeq_closeAction17.xml,urgLoc_22.xml,false,2023-06-14T02:56:19.959,2023-06-14T02:56:20.096,137
commLoc_4.xml,parSeq_closeAction17.xml,false,2023-06-14T02:56:19.959,2023-06-14T02:56:20.096,137
delSync_openAction4.xml,commLoc_4.xml,false,2023-06-14T02:56:19.959,2023-06-14T02:56:20.098,139
MaskVarChannel_deployAction_Bridge.xml,commLoc_20.xml,false,2023-06-14T02:56:19.959,2023-06-14T02:56:20.100,141
parSeq_retractAction2.xml,MaskVarChannel_deployAction_Bridge.xml,false,2023-06-14T02:56:19.959,2023-06-14T02:56:20.100,141
commLoc_20.xml,delSync_openAction4.xml,false,2023-06-14T02:56:19.959,2023-06-14T02:56:20.101,142
delSync_endRetractAction1.xml,parSeq_retractAction2.xml,false,2023-06-14T02:56:19.959,2023-06-14T02:56:20.102,143
commLoc_25.xml,commLoc_9.xml,false,2023-06-14T02:56:19.959,2023-06-14T02:56:20.107,148
commLoc_2.xml,delSync_endCloseAction1.xml,false,2023-06-14T02:56:19.959,2023-06-14T02:56:20.108,149
delSync_endCloseAction1.xml,urgLoc_6.xml,false,2023-06-14T02:56:19.959,2023-06-14T02:56:20.108,149
delSync_retractAction1.xml,urgLoc_8.xml,false,2023-06-14T02:56:19.960,2023-06-14T02:56:20.113,153
delSync_retractAction2.xml,urgLoc_9.xml,false,2023-06-14T02:56:19.960,2023-06-14T02:56:20.116,156
parSeq_closeAction13.xml,delSync_retractAction2.xml,false,2023-06-14T02:56:19.960,2023-06-14T02:56:20.118,158
commLoc_15.xml,urgChan_endRetractAction.xml,false,2023-06-14T02:56:19.960,2023-06-14T02:56:20.119,159
MaskVarChannel_endOpenAction_Door.xml,commLoc_15.xml,false,2023-06-14T02:56:19.960,2023-06-14T02:56:20.119,159
delSync_endCloseAction2.xml,MaskVarChannel_requestBridge_Controller.xml,false,2023-06-14T02:56:19.960,2023-06-14T02:56:20.124,164
parSeq_endCloseAction21.xml,delSync_endCloseAction2.xml,false,2023-06-14T02:56:19.960,2023-06-14T02:56:20.125,165
delSync_closeAction3.xml,delOutput_endOpenAction_0.xml,false,2023-06-14T02:56:19.960,2023-06-14T02:56:20.127,167
parSeq_openAction8.xml,urgLoc_24.xml,false,2023-06-14T02:56:19.960,2023-06-14T02:56:20.128,168
delSync_openAction1.xml,parSeq_openAction8.xml,false,2023-06-14T02:56:19.960,2023-06-14T02:56:20.129,169
delSync_openAction5.xml,delSync_openAction1.xml,false,2023-06-14T02:56:19.960,2023-06-14T02:56:20.131,171
MaskVarChannel_closeAction_Door.xml,urgLoc_20.xml,false,2023-06-14T02:56:19.960,2023-06-14T02:56:20.134,174
commLoc_24.xml,delOutput_deployAction_1.xml,false,2023-06-14T02:56:19.960,2023-06-14T02:56:20.135,175
commLoc_10.xml,urgLoc_23.xml,false,2023-06-14T02:56:19.960,2023-06-14T02:56:20.138,178
parSeq_endOpenAction12.xml,urgLoc_29.xml,false,2023-06-14T02:56:19.961,2023-06-14T02:56:20.143,182
MaskVarChannel_endRetractAction_Bridge.xml,parSeq_endOpenAction12.xml,false,2023-06-14T02:56:19.961,2023-06-14T02:56:20.144,183
commLoc_29.xml,MaskVarChannel_endRetractAction_Bridge.xml,false,2023-06-14T02:56:19.961,2023-06-14T02:56:20.146,185
delSync_endOpenAction2.xml,MaskVarChannel_endCloseAction_Controller.xml,false,2023-06-14T02:56:19.961,2023-06-14T02:56:20.148,187
commLoc_19.xml,commLoc_5.xml,false,2023-06-14T02:56:19.961,2023-06-14T02:56:20.152,191
parSeq_endCloseAction19.xml,urgLoc_15.xml,false,2023-06-14T02:56:19.961,2023-06-14T02:56:20.159,198
delSync_openAction6.xml,parSeq_closeAction18.xml,false,2023-06-14T02:56:19.961,2023-06-14T02:56:20.166,205
parSeq_closeAction18.xml,urgChan_endDeployAction.xml,false,2023-06-14T02:56:19.961,2023-06-14T02:56:20.166,205
commLoc_23.xml,broadChan_requestDoor.xml,false,2023-06-14T02:56:19.962,2023-06-14T02:56:20.168,206
parSeq_retractAction3.xml,urgLoc_28.xml,false,2023-06-14T02:56:19.962,2023-06-14T02:56:20.173,211
parSeq_openAction6.xml,delOutput_deployAction_0.xml,false,2023-06-14T02:56:19.962,2023-06-14T02:56:20.175,213
parSeq_openAction7.xml,parSeq_openAction6.xml,false,2023-06-14T02:56:19.962,2023-06-14T02:56:20.177,215
parSeq_closeAction14.xml,delOutput_endCloseAction_2.xml,false,2023-06-14T02:56:19.962,2023-06-14T02:56:20.179,217
delSync_endDeployAction2.xml,parSeq_closeAction14.xml,false,2023-06-14T02:56:19.962,2023-06-14T02:56:20.179,217
commLoc_11.xml,delSync_endDeployAction2.xml,false,2023-06-14T02:56:19.962,2023-06-14T02:56:20.180,218
urgChan_endOpenAction.xml,urgChan_closeAction.xml,true,2023-06-14T02:56:19.955,2023-06-14T03:56:20.010,3600055
commLoc_18.xml,MaskVarChannel_openAction_Door.xml,true,2023-06-14T02:56:19.955,2023-06-14T03:56:20.011,3600056
urgChan_requestBridge.xml,MaskVarChannel_retractAction_Bridge.xml,true,2023-06-14T02:56:19.956,2023-06-14T03:56:20.016,3600060
broadChan_requestBridge.xml,delOutput_endDeployAction_1.xml,true,2023-06-14T02:56:19.956,2023-06-14T03:56:20.030,3600074
delOutput_endDeployAction_1.xml,MaskVarChannel_endCloseAction_Bridge.xml,true,2023-06-14T02:56:19.956,2023-06-14T03:56:20.031,3600075
urgLoc_18.xml,parSeq_endDeployAction1.xml,true,2023-06-14T02:56:19.956,2023-06-14T03:56:20.033,3600077
commLoc_21.xml,urgLoc_18.xml,true,2023-06-14T02:56:19.956,2023-06-14T03:56:20.036,3600080
urgChan_endCloseAction.xml,commLoc_21.xml,true,2023-06-14T02:56:19.956,2023-06-14T03:56:20.037,3600081
urgLoc_1.xml,urgChan_endCloseAction.xml,true,2023-06-14T02:56:19.956,2023-06-14T03:56:20.038,3600082
delOutput_closeAction_0.xml,commLoc_28.xml,true,2023-06-14T02:56:19.956,2023-06-14T03:56:20.044,3600088
delOutput_endRetractAction_0.xml,commLoc_7.xml,true,2023-06-14T02:56:19.957,2023-06-14T03:56:20.049,3600092
commLoc_7.xml,commLoc_14.xml,true,2023-06-14T02:56:19.957,2023-06-14T03:56:20.049,3600092
urgChan_requestDoor.xml,MaskVarChannel_requestDoor_Controller.xml,true,2023-06-14T02:56:19.957,2023-06-14T03:56:20.050,3600093
MaskVarChannel_requestDoor_Controller.xml,delSync_closeAction2.xml,true,2023-06-14T02:56:19.957,2023-06-14T03:56:20.052,3600095
urgLoc_2.xml,urgChan_requestDoor.xml,true,2023-06-14T02:56:19.957,2023-06-14T03:56:20.053,3600096
delOutput_endCloseAction_1.xml,urgLoc_2.xml,true,2023-06-14T02:56:19.957,2023-06-14T03:56:20.055,3600098
commLoc_16.xml,MaskVarChannel_endDeployAction_Bridge.xml,true,2023-06-14T02:56:19.957,2023-06-14T03:56:20.057,3600100
urgLoc_19.xml,commLoc_16.xml,true,2023-06-14T02:56:19.957,2023-06-14T03:56:20.057,3600100
urgLoc_13.xml,MaskVarChannel_openAction_Bridge.xml,true,2023-06-14T02:56:19.957,2023-06-14T03:56:20.060,3600103
commLoc_8.xml,parSeq_endOpenAction11.xml,true,2023-06-14T02:56:19.957,2023-06-14T03:56:20.063,3600106
urgLoc_4.xml,MaskVarChannel_closeAction_Bridge.xml,true,2023-06-14T02:56:19.957,2023-06-14T03:56:20.065,3600108
delOutput_openAction_1.xml,delOutput_endCloseAction_0.xml,true,2023-06-14T02:56:19.958,2023-06-14T03:56:20.067,3600109
delOutput_endCloseAction_0.xml,delSync_closeAction1.xml,true,2023-06-14T02:56:19.958,2023-06-14T03:56:20.067,3600109
urgChan_openAction.xml,delSync_openAction3.xml,true,2023-06-14T02:56:19.958,2023-06-14T03:56:20.067,3600109
commLoc_6.xml,MaskVarChannel_endOpenAction_Controller.xml,true,2023-06-14T02:56:19.958,2023-06-14T03:56:20.073,3600115
MaskVarChannel_endOpenAction_Controller.xml,delSync_endCloseAction3.xml,true,2023-06-14T02:56:19.958,2023-06-14T03:56:20.074,3600116
commLoc_12.xml,delSync_closeAction6.xml,true,2023-06-14T02:56:19.958,2023-06-14T03:56:20.075,3600117
urgLoc_7.xml,commLoc_0.xml,true,2023-06-14T02:56:19.958,2023-06-14T03:56:20.079,3600121
delOutput_endDeployAction_0.xml,commLoc_13.xml,true,2023-06-14T02:56:19.958,2023-06-14T03:56:20.080,3600122
commLoc_0.xml,delOutput_endDeployAction_0.xml,true,2023-06-14T02:56:19.958,2023-06-14T03:56:20.080,3600122
urgLoc_12.xml,urgLoc_7.xml,true,2023-06-14T02:56:19.958,2023-06-14T03:56:20.081,3600123
urgLoc_0.xml,urgLoc_12.xml,true,2023-06-14T02:56:19.958,2023-06-14T03:56:20.084,3600126
delOutput_retractAction_0.xml,commLoc_17.xml,true,2023-06-14T02:56:19.958,2023-06-14T03:56:20.084,3600126
urgChan_deployAction.xml,MaskVarChannel_endCloseAction_Door.xml,true,2023-06-14T02:56:19.959,2023-06-14T03:56:20.087,3600128
urgLoc_17.xml,delSync_openAction2.xml,true,2023-06-14T02:56:19.959,2023-06-14T03:56:20.090,3600131
urgLoc_26.xml,urgLoc_17.xml,true,2023-06-14T02:56:19.959,2023-06-14T03:56:20.090,3600131
urgLoc_22.xml,delSync_closeAction5.xml,true,2023-06-14T02:56:19.959,2023-06-14T03:56:20.095,3600136
urgLoc_27.xml,delSync_endRetractAction1.xml,true,2023-06-14T02:56:19.959,2023-06-14T03:56:20.103,3600144
commLoc_9.xml,urgLoc_27.xml,true,2023-06-14T02:56:19.959,2023-06-14T03:56:20.106,3600147
urgLoc_6.xml,commLoc_25.xml,true,2023-06-14T02:56:19.959,2023-06-14T03:56:20.107,3600148
urgLoc_3.xml,commLoc_27.xml,true,2023-06-14T02:56:19.959,2023-06-14T03:56:20.111,3600152
delOutput_openAction_2.xml,urgLoc_3.xml,true,2023-06-14T02:56:19.959,2023-06-14T03:56:20.112,3600153
urgLoc_8.xml,delOutput_openAction_2.xml,true,2023-06-14T02:56:19.960,2023-06-14T03:56:20.114,3600154
urgLoc_9.xml,delSync_retractAction1.xml,true,2023-06-14T02:56:19.960,2023-06-14T03:56:20.115,3600155
urgChan_endRetractAction.xml,parSeq_closeAction13.xml,true,2023-06-14T02:56:19.960,2023-06-14T03:56:20.119,3600159
urgLoc_25.xml,MaskVarChannel_endOpenAction_Door.xml,true,2023-06-14T02:56:19.960,2023-06-14T03:56:20.121,3600161
delOutput_endOpenAction_0.xml,parSeq_endCloseAction21.xml,true,2023-06-14T02:56:19.960,2023-06-14T03:56:20.124,3600164
MaskVarChannel_requestBridge_Controller.xml,urgLoc_25.xml,true,2023-06-14T02:56:19.960,2023-06-14T03:56:20.124,3600164
urgLoc_24.xml,delSync_closeAction3.xml,true,2023-06-14T02:56:19.960,2023-06-14T03:56:20.130,3600170
urgLoc_20.xml,delSync_openAction5.xml,true,2023-06-14T02:56:19.960,2023-06-14T03:56:20.132,3600172
MaskVarChannel_endRetractAction_Controller.xml,MaskVarChannel_closeAction_Door.xml,true,2023-06-14T02:56:19.960,2023-06-14T03:56:20.134,3600174
delOutput_deployAction_1.xml,MaskVarChannel_endRetractAction_Controller.xml,true,2023-06-14T02:56:19.960,2023-06-14T03:56:20.136,3600176
urgChan_retractAction.xml,MaskVarChannel_closeAction_Controller.xml,true,2023-06-14T02:56:19.961,2023-06-14T03:56:20.140,3600179
MaskVarChannel_closeAction_Controller.xml,commLoc_10.xml,true,2023-06-14T02:56:19.960,2023-06-14T03:56:20.141,3600181
urgLoc_10.xml,urgChan_retractAction.xml,true,2023-06-14T02:56:19.961,2023-06-14T03:56:20.141,3600180
urgLoc_23.xml,commLoc_24.xml,true,2023-06-14T02:56:19.960,2023-06-14T03:56:20.142,3600182
urgLoc_29.xml,urgLoc_10.xml,true,2023-06-14T02:56:19.961,2023-06-14T03:56:20.143,3600182
MaskVarChannel_endDeployAction_Controller.xml,commLoc_29.xml,true,2023-06-14T02:56:19.961,2023-06-14T03:56:20.147,3600186
MaskVarChannel_endCloseAction_Controller.xml,MaskVarChannel_endDeployAction_Controller.xml,true,2023-06-14T02:56:19.961,2023-06-14T03:56:20.147,3600186
commLoc_5.xml,delSync_endOpenAction2.xml,true,2023-06-14T02:56:19.961,2023-06-14T03:56:20.150,3600189
MaskVarChannel_retractAction_Controller.xml,commLoc_19.xml,true,2023-06-14T02:56:19.961,2023-06-14T03:56:20.153,3600192
delOutput_retractAction_1.xml,MaskVarChannel_retractAction_Controller.xml,true,2023-06-14T02:56:19.961,2023-06-14T03:56:20.153,3600192
urgLoc_16.xml,delOutput_retractAction_1.xml,true,2023-06-14T02:56:19.961,2023-06-14T03:56:20.154,3600193
urgLoc_15.xml,urgLoc_16.xml,true,2023-06-14T02:56:19.961,2023-06-14T03:56:20.156,3600195
MaskVarChannel_openAction_Controller.xml,urgLoc_14.xml,true,2023-06-14T02:56:19.961,2023-06-14T03:56:20.160,3600199
urgChan_tau.xml,MaskVarChannel_openAction_Controller.xml,true,2023-06-14T02:56:19.961,2023-06-14T03:56:20.160,3600199
delOutput_openAction_0.xml,urgChan_tau.xml,true,2023-06-14T02:56:19.961,2023-06-14T03:56:20.160,3600199
urgLoc_14.xml,parSeq_endCloseAction19.xml,true,2023-06-14T02:56:19.961,2023-06-14T03:56:20.160,3600199
urgChan_endDeployAction.xml,delOutput_endOpenAction_1.xml,true,2023-06-14T02:56:19.961,2023-06-14T03:56:20.162,3600201
urgLoc_21.xml,delOutput_openAction_0.xml,true,2023-06-14T02:56:19.961,2023-06-14T03:56:20.165,3600204
delOutput_endOpenAction_1.xml,urgLoc_21.xml,true,2023-06-14T02:56:19.961,2023-06-14T03:56:20.164,3600203
broadChan_requestDoor.xml,delSync_openAction6.xml,true,2023-06-14T02:56:19.962,2023-06-14T03:56:20.167,3600205
urgLoc_5.xml,commLoc_23.xml,true,2023-06-14T02:56:19.962,2023-06-14T03:56:20.170,3600208
urgLoc_11.xml,parSeq_retractAction3.xml,true,2023-06-14T02:56:19.962,2023-06-14T03:56:20.171,3600209
urgLoc_28.xml,urgLoc_5.xml,true,2023-06-14T02:56:19.962,2023-06-14T03:56:20.172,3600210
delOutput_deployAction_0.xml,urgLoc_11.xml,true,2023-06-14T02:56:19.962,2023-06-14T03:56:20.173,3600211
delOutput_endCloseAction_2.xml,parSeq_openAction7.xml,true,2023-06-14T02:56:19.962,2023-06-14T03:56:20.176,3600214
