urgChan_endOpenAction.xml,urgChan_closeAction.xml,true,2023-05-21T16:44:17.061,2023-05-21T16:44:17.975,914
MaskVarChannel_openAction_Door.xml,delOutput_closeAction_1.xml,true,2023-05-21T16:44:17.055,2023-05-21T16:44:17.940,885
urgChan_closeAction.xml,commLoc_18.xml,true,2023-05-21T16:44:17.061,2023-05-21T16:44:17.957,896
parSeq_closeAction15.xml,urgChan_endOpenAction.xml,true,2023-05-21T16:44:17.062,2023-05-21T16:44:17.945,883
commLoc_18.xml,MaskVarChannel_openAction_Door.xml,true,2023-05-21T16:44:17.061,2023-05-21T16:44:17.941,880
delSync_endOpenAction1.xml,urgChan_requestBridge.xml,false,2023-05-21T16:44:17.062,2023-05-21T16:44:18.714,1652
urgChan_requestBridge.xml,MaskVarChannel_retractAction_Bridge.xml,true,2023-05-21T16:44:17.062,2023-05-21T16:44:18.798,1736
MaskVarChannel_retractAction_Bridge.xml,parSeq_closeAction15.xml,true,2023-05-21T16:44:17.062,2023-05-21T16:44:18.798,1736
commLoc_1.xml,delSync_endOpenAction1.xml,false,2023-05-21T16:44:17.062,2023-05-21T16:44:18.925,1863
commLoc_3.xml,commLoc_1.xml,true,2023-05-21T16:44:17.062,2023-05-21T16:44:18.932,1870
commLoc_26.xml,commLoc_3.xml,true,2023-05-21T16:44:17.062,2023-05-21T16:44:19.480,2418
MaskVarChannel_endCloseAction_Bridge.xml,parSeq_closeAction16.xml,true,2023-05-21T16:44:17.062,2023-05-21T16:44:19.495,2433
parSeq_closeAction16.xml,commLoc_26.xml,true,2023-05-21T16:44:17.062,2023-05-21T16:44:19.573,2511
delOutput_endDeployAction_1.xml,MaskVarChannel_endCloseAction_Bridge.xml,true,2023-05-21T16:44:17.062,2023-05-21T16:44:19.724,2662
broadChan_requestBridge.xml,delOutput_endDeployAction_1.xml,true,2023-05-21T16:44:17.062,2023-05-21T16:44:19.745,2683
parSeq_endRetractAction4.xml,broadChan_requestBridge.xml,false,2023-05-21T16:44:17.062,2023-05-21T16:44:20.142,3080
parSeq_endDeployAction1.xml,parSeq_endRetractAction4.xml,false,2023-05-21T16:44:17.062,2023-05-21T16:44:20.261,3199
urgLoc_18.xml,parSeq_endDeployAction1.xml,false,2023-05-21T16:44:17.062,2023-05-21T16:44:20.425,3363
commLoc_21.xml,urgLoc_18.xml,true,2023-05-21T16:44:17.062,2023-05-21T16:44:20.521,3459
urgChan_endCloseAction.xml,commLoc_21.xml,true,2023-05-21T16:44:17.062,2023-05-21T16:44:20.533,3471
urgLoc_1.xml,urgChan_endCloseAction.xml,true,2023-05-21T16:44:17.062,2023-05-21T16:44:20.901,3839
delSync_closeAction4.xml,urgLoc_1.xml,true,2023-05-21T16:44:17.062,2023-05-21T16:44:21.061,3999
commLoc_28.xml,delSync_closeAction4.xml,true,2023-05-21T16:44:17.062,2023-05-21T16:44:21.152,4090
delOutput_closeAction_0.xml,commLoc_28.xml,true,2023-05-21T16:44:17.062,2023-05-21T16:44:21.224,4162
parSeq_endDeployAction0.xml,delOutput_closeAction_0.xml,false,2023-05-21T16:44:17.062,2023-05-21T16:44:21.243,4181
delSync_endDeployAction1.xml,parSeq_endDeployAction0.xml,true,2023-05-21T16:44:17.062,2023-05-21T16:44:21.617,4555
parSeq_openAction9.xml,delSync_endDeployAction1.xml,false,2023-05-21T16:44:17.063,2023-05-21T16:44:21.888,4825
commLoc_14.xml,parSeq_openAction9.xml,true,2023-05-21T16:44:17.063,2023-05-21T16:44:21.889,4826
commLoc_7.xml,commLoc_14.xml,true,2023-05-21T16:44:17.063,2023-05-21T16:44:21.956,4893
delOutput_endRetractAction_0.xml,commLoc_7.xml,true,2023-05-21T16:44:17.063,2023-05-21T16:44:21.994,4931
delSync_closeAction2.xml,delOutput_endRetractAction_0.xml,true,2023-05-21T16:44:17.063,2023-05-21T16:44:22.322,5259
MaskVarChannel_requestDoor_Controller.xml,delSync_closeAction2.xml,true,2023-05-21T16:44:17.063,2023-05-21T16:44:22.618,5555
urgChan_requestDoor.xml,MaskVarChannel_requestDoor_Controller.xml,true,2023-05-21T16:44:17.063,2023-05-21T16:44:22.628,5565
urgLoc_2.xml,urgChan_requestDoor.xml,true,2023-05-21T16:44:17.063,2023-05-21T16:44:22.671,5608
delOutput_endCloseAction_1.xml,urgLoc_2.xml,true,2023-05-21T16:44:17.063,2023-05-21T16:44:22.742,5679
MaskVarChannel_endDeployAction_Bridge.xml,delOutput_endCloseAction_1.xml,true,2023-05-21T16:44:17.063,2023-05-21T16:44:23.055,5992
urgLoc_19.xml,commLoc_16.xml,true,2023-05-21T16:44:17.063,2023-05-21T16:44:23.401,6338
commLoc_16.xml,MaskVarChannel_endDeployAction_Bridge.xml,true,2023-05-21T16:44:17.063,2023-05-21T16:44:23.404,6341
MaskVarChannel_openAction_Bridge.xml,urgLoc_19.xml,true,2023-05-21T16:44:17.063,2023-05-21T16:44:23.408,6345
urgLoc_13.xml,MaskVarChannel_openAction_Bridge.xml,true,2023-05-21T16:44:17.063,2023-05-21T16:44:23.468,6405
parSeq_endOpenAction11.xml,urgLoc_13.xml,false,2023-05-21T16:44:17.063,2023-05-21T16:44:24.023,6960
MaskVarChannel_closeAction_Bridge.xml,commLoc_8.xml,true,2023-05-21T16:44:17.063,2023-05-21T16:44:24.293,7230
commLoc_8.xml,parSeq_endOpenAction11.xml,false,2023-05-21T16:44:17.063,2023-05-21T16:44:24.363,7300
urgLoc_4.xml,MaskVarChannel_closeAction_Bridge.xml,true,2023-05-21T16:44:17.063,2023-05-21T16:44:24.411,7348
delSync_closeAction1.xml,urgLoc_4.xml,true,2023-05-21T16:44:17.063,2023-05-21T16:44:24.578,7515
delOutput_endCloseAction_0.xml,delSync_closeAction1.xml,true,2023-05-21T16:44:17.063,2023-05-21T16:44:24.963,7900
delSync_openAction3.xml,delOutput_openAction_1.xml,true,2023-05-21T16:44:17.064,2023-05-21T16:44:25.179,8115
delOutput_openAction_1.xml,delOutput_endCloseAction_0.xml,true,2023-05-21T16:44:17.063,2023-05-21T16:44:25.181,8118
urgChan_openAction.xml,delSync_openAction3.xml,true,2023-05-21T16:44:17.064,2023-05-21T16:44:25.314,8250
delSync_endCloseAction3.xml,urgChan_openAction.xml,true,2023-05-21T16:44:17.064,2023-05-21T16:44:25.440,8376
MaskVarChannel_endOpenAction_Controller.xml,delSync_endCloseAction3.xml,true,2023-05-21T16:44:17.064,2023-05-21T16:44:25.827,8763
parSeq_openAction5.xml,commLoc_6.xml,true,2023-05-21T16:44:17.064,2023-05-21T16:44:25.909,8845
commLoc_6.xml,MaskVarChannel_endOpenAction_Controller.xml,true,2023-05-21T16:44:17.064,2023-05-21T16:44:25.977,8913
delSync_closeAction6.xml,parSeq_openAction5.xml,true,2023-05-21T16:44:17.064,2023-05-21T16:44:26.030,8966
commLoc_12.xml,delSync_closeAction6.xml,true,2023-05-21T16:44:17.064,2023-05-21T16:44:26.190,9126
commLoc_13.xml,commLoc_12.xml,true,2023-05-21T16:44:17.064,2023-05-21T16:44:26.570,9506
commLoc_0.xml,delOutput_endDeployAction_0.xml,true,2023-05-21T16:44:17.064,2023-05-21T16:44:26.680,9616
delOutput_endDeployAction_0.xml,commLoc_13.xml,true,2023-05-21T16:44:17.064,2023-05-21T16:44:26.715,9651
urgLoc_7.xml,commLoc_0.xml,true,2023-05-21T16:44:17.064,2023-05-21T16:44:26.845,9781
urgLoc_12.xml,urgLoc_7.xml,true,2023-05-21T16:44:17.064,2023-05-21T16:44:26.942,9878
urgLoc_0.xml,urgLoc_12.xml,true,2023-05-21T16:44:17.064,2023-05-21T16:44:27.331,10267
commLoc_17.xml,urgLoc_0.xml,true,2023-05-21T16:44:17.064,2023-05-21T16:44:27.390,10326
delOutput_retractAction_0.xml,commLoc_17.xml,true,2023-05-21T16:44:17.064,2023-05-21T16:44:27.463,10399
commLoc_22.xml,delOutput_retractAction_0.xml,true,2023-05-21T16:44:17.064,2023-05-21T16:44:27.545,10481
delSync_openAction2.xml,commLoc_22.xml,true,2023-05-21T16:44:17.064,2023-05-21T16:44:27.632,10568
urgLoc_17.xml,delSync_openAction2.xml,true,2023-05-21T16:44:17.064,2023-05-21T16:44:28.043,10979
urgLoc_26.xml,urgLoc_17.xml,true,2023-05-21T16:44:17.064,2023-05-21T16:44:28.120,11056
MaskVarChannel_endCloseAction_Door.xml,urgLoc_26.xml,true,2023-05-21T16:44:17.064,2023-05-21T16:44:28.196,11132
urgChan_deployAction.xml,MaskVarChannel_endCloseAction_Door.xml,true,2023-05-21T16:44:17.064,2023-05-21T16:44:28.240,11176
parSeq_openAction10.xml,urgChan_deployAction.xml,true,2023-05-21T16:44:17.064,2023-05-21T16:44:28.393,11329
parSeq_endCloseAction20.xml,parSeq_openAction10.xml,true,2023-05-21T16:44:17.064,2023-05-21T16:44:28.834,11770
delSync_closeAction5.xml,parSeq_endCloseAction20.xml,true,2023-05-21T16:44:17.064,2023-05-21T16:44:28.848,11784
parSeq_closeAction17.xml,urgLoc_22.xml,true,2023-05-21T16:44:17.064,2023-05-21T16:44:28.976,11912
urgLoc_22.xml,delSync_closeAction5.xml,true,2023-05-21T16:44:17.064,2023-05-21T16:44:28.988,11924
commLoc_4.xml,parSeq_closeAction17.xml,true,2023-05-21T16:44:17.064,2023-05-21T16:44:29.111,12047
delSync_openAction4.xml,commLoc_4.xml,true,2023-05-21T16:44:17.064,2023-05-21T16:44:29.562,12498
commLoc_20.xml,delSync_openAction4.xml,true,2023-05-21T16:44:17.064,2023-05-21T16:44:29.595,12531
MaskVarChannel_deployAction_Bridge.xml,commLoc_20.xml,true,2023-05-21T16:44:17.064,2023-05-21T16:44:29.677,12613
parSeq_retractAction2.xml,MaskVarChannel_deployAction_Bridge.xml,true,2023-05-21T16:44:17.064,2023-05-21T16:44:29.792,12728
delSync_endRetractAction1.xml,parSeq_retractAction2.xml,false,2023-05-21T16:44:17.064,2023-05-21T16:44:29.898,12834
urgLoc_27.xml,delSync_endRetractAction1.xml,false,2023-05-21T16:44:17.064,2023-05-21T16:44:30.435,13371
commLoc_9.xml,urgLoc_27.xml,true,2023-05-21T16:44:17.064,2023-05-21T16:44:30.444,13380
commLoc_25.xml,commLoc_9.xml,true,2023-05-21T16:44:17.064,2023-05-21T16:44:30.513,13449
urgLoc_6.xml,commLoc_25.xml,true,2023-05-21T16:44:17.064,2023-05-21T16:44:30.591,13527
delSync_endCloseAction1.xml,urgLoc_6.xml,false,2023-05-21T16:44:17.064,2023-05-21T16:44:30.701,13637
commLoc_2.xml,delSync_endCloseAction1.xml,false,2023-05-21T16:44:17.064,2023-05-21T16:44:31.124,14060
Tram.xml,commLoc_2.xml,true,2023-05-21T16:44:17.064,2023-05-21T16:44:31.134,14070
commLoc_27.xml,Tram.xml,true,2023-05-21T16:44:17.064,2023-05-21T16:44:31.241,14177
urgLoc_3.xml,commLoc_27.xml,true,2023-05-21T16:44:17.064,2023-05-21T16:44:31.332,14268
delOutput_openAction_2.xml,urgLoc_3.xml,true,2023-05-21T16:44:17.064,2023-05-21T16:44:31.477,14413
delSync_retractAction1.xml,urgLoc_8.xml,true,2023-05-21T16:44:17.064,2023-05-21T16:44:31.823,14759
urgLoc_8.xml,delOutput_openAction_2.xml,true,2023-05-21T16:44:17.064,2023-05-21T16:44:31.863,14799
urgLoc_9.xml,delSync_retractAction1.xml,true,2023-05-21T16:44:17.064,2023-05-21T16:44:32.045,14981
delSync_retractAction2.xml,urgLoc_9.xml,true,2023-05-21T16:44:17.064,2023-05-21T16:44:32.113,15049
parSeq_closeAction13.xml,delSync_retractAction2.xml,true,2023-05-21T16:44:17.064,2023-05-21T16:44:32.201,15137
urgChan_endRetractAction.xml,parSeq_closeAction13.xml,true,2023-05-21T16:44:17.064,2023-05-21T16:44:32.557,15493
commLoc_15.xml,urgChan_endRetractAction.xml,true,2023-05-21T16:44:17.064,2023-05-21T16:44:32.585,15521
MaskVarChannel_endOpenAction_Door.xml,commLoc_15.xml,true,2023-05-21T16:44:17.064,2023-05-21T16:44:32.765,15701
urgLoc_25.xml,MaskVarChannel_endOpenAction_Door.xml,true,2023-05-21T16:44:17.064,2023-05-21T16:44:32.850,15786
MaskVarChannel_requestBridge_Controller.xml,urgLoc_25.xml,true,2023-05-21T16:44:17.064,2023-05-21T16:44:32.924,15860
delSync_endCloseAction2.xml,MaskVarChannel_requestBridge_Controller.xml,true,2023-05-21T16:44:17.064,2023-05-21T16:44:33.304,16240
parSeq_endCloseAction21.xml,delSync_endCloseAction2.xml,true,2023-05-21T16:44:17.064,2023-05-21T16:44:33.314,16250
delOutput_endOpenAction_0.xml,parSeq_endCloseAction21.xml,true,2023-05-21T16:44:17.064,2023-05-21T16:44:33.555,16491
delSync_closeAction3.xml,delOutput_endOpenAction_0.xml,true,2023-05-21T16:44:17.064,2023-05-21T16:44:33.610,16546
urgLoc_24.xml,delSync_closeAction3.xml,true,2023-05-21T16:44:17.064,2023-05-21T16:44:33.684,16620
delSync_openAction1.xml,parSeq_openAction8.xml,true,2023-05-21T16:44:17.064,2023-05-21T16:44:34.028,16964
parSeq_openAction8.xml,urgLoc_24.xml,true,2023-05-21T16:44:17.064,2023-05-21T16:44:34.125,17061
delSync_openAction5.xml,delSync_openAction1.xml,true,2023-05-21T16:44:17.064,2023-05-21T16:44:34.215,17151
urgLoc_20.xml,delSync_openAction5.xml,true,2023-05-21T16:44:17.064,2023-05-21T16:44:34.317,17253
MaskVarChannel_closeAction_Door.xml,urgLoc_20.xml,true,2023-05-21T16:44:17.064,2023-05-21T16:44:34.410,17346
MaskVarChannel_endRetractAction_Controller.xml,MaskVarChannel_closeAction_Door.xml,true,2023-05-21T16:44:17.064,2023-05-21T16:44:34.802,17738
delOutput_deployAction_1.xml,MaskVarChannel_endRetractAction_Controller.xml,true,2023-05-21T16:44:17.064,2023-05-21T16:44:34.977,17913
commLoc_24.xml,delOutput_deployAction_1.xml,true,2023-05-21T16:44:17.064,2023-05-21T16:44:35.051,17987
urgLoc_23.xml,commLoc_24.xml,true,2023-05-21T16:44:17.064,2023-05-21T16:44:35.103,18039
commLoc_10.xml,urgLoc_23.xml,true,2023-05-21T16:44:17.064,2023-05-21T16:44:35.188,18124
MaskVarChannel_closeAction_Controller.xml,commLoc_10.xml,true,2023-05-21T16:44:17.064,2023-05-21T16:44:35.510,18446
urgChan_retractAction.xml,MaskVarChannel_closeAction_Controller.xml,true,2023-05-21T16:44:17.064,2023-05-21T16:44:35.774,18710
urgLoc_10.xml,urgChan_retractAction.xml,true,2023-05-21T16:44:17.064,2023-05-21T16:44:35.805,18741
urgLoc_29.xml,urgLoc_10.xml,true,2023-05-21T16:44:17.064,2023-05-21T16:44:35.871,18807
parSeq_endOpenAction12.xml,urgLoc_29.xml,false,2023-05-21T16:44:17.064,2023-05-21T16:44:35.958,18894
MaskVarChannel_endRetractAction_Bridge.xml,parSeq_endOpenAction12.xml,false,2023-05-21T16:44:17.064,2023-05-21T16:44:36.296,19232
commLoc_29.xml,MaskVarChannel_endRetractAction_Bridge.xml,true,2023-05-21T16:44:17.064,2023-05-21T16:44:36.728,19664
MaskVarChannel_endCloseAction_Controller.xml,MaskVarChannel_endDeployAction_Controller.xml,true,2023-05-21T16:44:17.064,2023-05-21T16:44:36.798,19734
MaskVarChannel_endDeployAction_Controller.xml,commLoc_29.xml,true,2023-05-21T16:44:17.064,2023-05-21T16:44:36.822,19758
delSync_endOpenAction2.xml,MaskVarChannel_endCloseAction_Controller.xml,false,2023-05-21T16:44:17.065,2023-05-21T16:44:36.850,19785
commLoc_5.xml,delSync_endOpenAction2.xml,false,2023-05-21T16:44:17.065,2023-05-21T16:44:37.119,20054
commLoc_19.xml,commLoc_5.xml,true,2023-05-21T16:44:17.065,2023-05-21T16:44:37.500,20435
MaskVarChannel_retractAction_Controller.xml,commLoc_19.xml,true,2023-05-21T16:44:17.065,2023-05-21T16:44:37.559,20494
delOutput_retractAction_1.xml,MaskVarChannel_retractAction_Controller.xml,true,2023-05-21T16:44:17.065,2023-05-21T16:44:37.561,20496
urgLoc_16.xml,delOutput_retractAction_1.xml,true,2023-05-21T16:44:17.065,2023-05-21T16:44:37.570,20505
urgLoc_15.xml,urgLoc_16.xml,true,2023-05-21T16:44:17.065,2023-05-21T16:44:37.808,20743
MaskVarChannel_openAction_Controller.xml,urgLoc_14.xml,true,2023-05-21T16:44:17.065,2023-05-21T16:44:38.218,21153
parSeq_endCloseAction19.xml,urgLoc_15.xml,false,2023-05-21T16:44:17.065,2023-05-21T16:44:38.252,21187
urgChan_tau.xml,MaskVarChannel_openAction_Controller.xml,true,2023-05-21T16:44:17.065,2023-05-21T16:44:38.303,21238
urgLoc_14.xml,parSeq_endCloseAction19.xml,false,2023-05-21T16:44:17.065,2023-05-21T16:44:38.322,21257
delOutput_openAction_0.xml,urgChan_tau.xml,true,2023-05-21T16:44:17.065,2023-05-21T16:44:38.575,21510
urgLoc_21.xml,delOutput_openAction_0.xml,true,2023-05-21T16:44:17.065,2023-05-21T16:44:38.961,21896
delOutput_endOpenAction_1.xml,urgLoc_21.xml,true,2023-05-21T16:44:17.065,2023-05-21T16:44:39.044,21979
urgChan_endDeployAction.xml,delOutput_endOpenAction_1.xml,true,2023-05-21T16:44:17.065,2023-05-21T16:44:39.046,21981
parSeq_closeAction18.xml,urgChan_endDeployAction.xml,true,2023-05-21T16:44:17.065,2023-05-21T16:44:39.083,22018
delSync_openAction6.xml,parSeq_closeAction18.xml,true,2023-05-21T16:44:17.065,2023-05-21T16:44:39.306,22241
broadChan_requestDoor.xml,delSync_openAction6.xml,true,2023-05-21T16:44:17.065,2023-05-21T16:44:39.868,22803
commLoc_23.xml,broadChan_requestDoor.xml,true,2023-05-21T16:44:17.065,2023-05-21T16:44:39.929,22864
urgLoc_28.xml,urgLoc_5.xml,true,2023-05-21T16:44:17.065,2023-05-21T16:44:39.994,22929
urgLoc_5.xml,commLoc_23.xml,true,2023-05-21T16:44:17.065,2023-05-21T16:44:40.012,22947
parSeq_retractAction3.xml,urgLoc_28.xml,true,2023-05-21T16:44:17.065,2023-05-21T16:44:40.397,23332
urgLoc_11.xml,parSeq_retractAction3.xml,true,2023-05-21T16:44:17.065,2023-05-21T16:44:40.866,23801
delOutput_deployAction_0.xml,urgLoc_11.xml,true,2023-05-21T16:44:17.065,2023-05-21T16:44:41.005,23940
parSeq_openAction6.xml,delOutput_deployAction_0.xml,true,2023-05-21T16:44:17.065,2023-05-21T16:44:41.092,24027
parSeq_openAction7.xml,parSeq_openAction6.xml,true,2023-05-21T16:44:17.065,2023-05-21T16:44:41.174,24109
delOutput_endCloseAction_2.xml,parSeq_openAction7.xml,true,2023-05-21T16:44:17.065,2023-05-21T16:44:41.475,24410
parSeq_closeAction14.xml,delOutput_endCloseAction_2.xml,true,2023-05-21T16:44:17.065,2023-05-21T16:44:41.809,24744
delSync_endDeployAction2.xml,parSeq_closeAction14.xml,false,2023-05-21T16:44:17.065,2023-05-21T16:44:41.885,24820
commLoc_11.xml,delSync_endDeployAction2.xml,false,2023-05-21T16:44:17.065,2023-05-21T16:44:41.920,24855
